-- phpMyAdmin SQL Dump
-- version 4.3.11
-- http://www.phpmyadmin.net
--
-- Host: 127.0.0.1
-- Generation Time: Jul 04, 2015 at 12:26 PM
-- Server version: 5.6.24
-- PHP Version: 5.6.8

SET SQL_MODE = "NO_AUTO_VALUE_ON_ZERO";
SET time_zone = "+00:00";


/*!40101 SET @OLD_CHARACTER_SET_CLIENT=@@CHARACTER_SET_CLIENT */;
/*!40101 SET @OLD_CHARACTER_SET_RESULTS=@@CHARACTER_SET_RESULTS */;
/*!40101 SET @OLD_COLLATION_CONNECTION=@@COLLATION_CONNECTION */;
/*!40101 SET NAMES utf8 */;

--
-- Database: `trilads_billing`
--

-- --------------------------------------------------------

--
-- Table structure for table `account`
--

CREATE TABLE IF NOT EXISTS `account` (
  `AccountId` int(11) NOT NULL,
  `TotalBal` decimal(16,6) DEFAULT NULL,
  `InvoiceId` int(11) DEFAULT NULL,
  `PrevBal` decimal(16,6) DEFAULT NULL,
  `RoundTo` int(1) NOT NULL DEFAULT '2'
) ENGINE=InnoDB DEFAULT CHARSET=utf8 COLLATE=utf8_bin;

--
-- Dumping data for table `account`
--

INSERT INTO `account` (`AccountId`, `TotalBal`, `InvoiceId`, `PrevBal`, `RoundTo`) VALUES
(24680001, NULL, NULL, NULL, 2),
(24680002, NULL, NULL, NULL, 2),
(24680003, NULL, NULL, NULL, 2),
(24680004, NULL, NULL, NULL, 2),
(24680005, NULL, NULL, NULL, 2),
(24680006, NULL, NULL, NULL, 2),
(24680007, NULL, NULL, NULL, 2),
(24680008, NULL, NULL, NULL, 2),
(24680009, NULL, NULL, NULL, 2),
(24680010, NULL, NULL, NULL, 2),
(24680011, NULL, NULL, NULL, 2),
(24680012, NULL, NULL, NULL, 2),
(24680013, NULL, NULL, NULL, 2),
(24680014, NULL, NULL, NULL, 2),
(24680015, NULL, NULL, NULL, 2),
(24680016, NULL, NULL, NULL, 2),
(24680017, NULL, NULL, NULL, 2),
(24680018, NULL, NULL, NULL, 2),
(24680019, NULL, NULL, NULL, 2),
(24680020, NULL, NULL, NULL, 2),
(24680021, NULL, NULL, NULL, 2),
(24680022, NULL, NULL, NULL, 2),
(24680023, NULL, NULL, NULL, 2),
(24680024, NULL, NULL, NULL, 2),
(24680025, NULL, NULL, NULL, 2),
(24680026, NULL, NULL, NULL, 2),
(24680027, NULL, NULL, NULL, 2),
(24680028, NULL, NULL, NULL, 2),
(24680029, NULL, NULL, NULL, 2),
(24680030, NULL, NULL, NULL, 2),
(24680031, NULL, NULL, NULL, 2),
(24680032, NULL, NULL, NULL, 2),
(24680033, NULL, NULL, NULL, 2),
(24680034, NULL, NULL, NULL, 2),
(24680035, NULL, NULL, NULL, 2),
(24680036, NULL, NULL, NULL, 2),
(24680037, NULL, NULL, NULL, 2),
(24680038, NULL, NULL, NULL, 2),
(24680039, NULL, NULL, NULL, 2),
(24680040, NULL, NULL, NULL, 2),
(24680041, NULL, NULL, NULL, 2),
(24680042, NULL, NULL, NULL, 2),
(24680043, NULL, NULL, NULL, 2),
(24680044, NULL, NULL, NULL, 2),
(24680045, NULL, NULL, NULL, 2),
(24680046, NULL, NULL, NULL, 2),
(24680047, NULL, NULL, NULL, 2),
(24680048, NULL, NULL, NULL, 2),
(24680049, NULL, NULL, NULL, 2),
(24680050, NULL, NULL, NULL, 2),
(24680051, NULL, NULL, NULL, 2),
(24680052, NULL, NULL, NULL, 2),
(24680053, NULL, NULL, NULL, 2),
(24680054, NULL, NULL, NULL, 2),
(24680055, NULL, NULL, NULL, 2),
(24680056, NULL, NULL, NULL, 2),
(24680057, NULL, NULL, NULL, 2),
(24680058, NULL, NULL, NULL, 2),
(24680059, NULL, NULL, NULL, 2),
(24680060, NULL, NULL, NULL, 2),
(24680061, NULL, NULL, NULL, 2),
(24680062, NULL, NULL, NULL, 2),
(24680063, NULL, NULL, NULL, 2),
(24680064, NULL, NULL, NULL, 2),
(24680065, NULL, NULL, NULL, 2),
(24680066, NULL, NULL, NULL, 2),
(24680067, NULL, NULL, NULL, 2),
(24680068, NULL, NULL, NULL, 2),
(24680069, NULL, NULL, NULL, 2),
(24680070, NULL, NULL, NULL, 2),
(24680071, NULL, NULL, NULL, 2),
(24680072, NULL, NULL, NULL, 2),
(24680073, NULL, NULL, NULL, 2),
(24680074, NULL, NULL, NULL, 2),
(24680075, NULL, NULL, NULL, 2),
(24680076, NULL, NULL, NULL, 2),
(24680077, NULL, NULL, NULL, 2),
(24680078, NULL, NULL, NULL, 2),
(24680079, NULL, NULL, NULL, 2),
(24680080, NULL, NULL, NULL, 2),
(24680081, NULL, NULL, NULL, 2),
(24680082, NULL, NULL, NULL, 2),
(24680083, NULL, NULL, NULL, 2),
(24680084, NULL, NULL, NULL, 2),
(24680085, NULL, NULL, NULL, 2),
(24680086, NULL, NULL, NULL, 2),
(24680087, NULL, NULL, NULL, 2),
(24680088, NULL, NULL, NULL, 2),
(24680089, NULL, NULL, NULL, 2),
(24680090, NULL, NULL, NULL, 2),
(24680091, NULL, NULL, NULL, 2),
(24680092, NULL, NULL, NULL, 2),
(24680093, NULL, NULL, NULL, 2),
(24680094, NULL, NULL, NULL, 2),
(24680095, NULL, NULL, NULL, 2),
(24680096, NULL, NULL, NULL, 2),
(24680097, NULL, NULL, NULL, 2),
(24680098, NULL, NULL, NULL, 2),
(24680099, NULL, NULL, NULL, 2),
(24680100, NULL, NULL, NULL, 2),
(24680101, NULL, NULL, NULL, 5),
(24680102, NULL, NULL, NULL, 4),
(24680103, NULL, NULL, NULL, 3);

-- --------------------------------------------------------

--
-- Table structure for table `charge`
--

CREATE TABLE IF NOT EXISTS `charge` (
  `ChargeId` int(11) NOT NULL,
  `AccountId` int(11) NOT NULL,
  `EquipmentId` int(11) NOT NULL,
  `Quantity` int(11) DEFAULT NULL,
  `AmountBeforeTax` decimal(16,6) NOT NULL,
  `TaxPercentage` decimal(16,6) NOT NULL,
  `TaxAmount` decimal(16,6) NOT NULL,
  `TotalAmount` decimal(16,6) NOT NULL,
  `InvoiceId` int(11) NOT NULL,
  `StartDate` datetime NOT NULL,
  `EndDate` datetime NOT NULL,
  `Misc1` varchar(300) COLLATE utf8_bin NOT NULL,
  `Misc2` varchar(300) COLLATE utf8_bin NOT NULL,
  `Misc3` varchar(300) COLLATE utf8_bin NOT NULL,
  `Misc4` varchar(300) COLLATE utf8_bin NOT NULL
) ENGINE=InnoDB AUTO_INCREMENT=484 DEFAULT CHARSET=utf8 COLLATE=utf8_bin;

--
-- Dumping data for table `charge`
--

INSERT INTO `charge` (`ChargeId`, `AccountId`, `EquipmentId`, `Quantity`, `AmountBeforeTax`, `TaxPercentage`, `TaxAmount`, `TotalAmount`, `InvoiceId`, `StartDate`, `EndDate`, `Misc1`, `Misc2`, `Misc3`, `Misc4`) VALUES
(257, 24680001, 24680001, 2004, '4561.000000', '10.000000', '456.100000', '5017.100000', 0, '2015-07-01 00:00:00', '2015-07-30 00:00:00', '', '', '', ''),
(258, 24680002, 24680002, 2008, '4572.000000', '10.000000', '457.200000', '5029.200000', 0, '2015-07-01 00:00:00', '2015-07-30 00:00:00', '', '', '', ''),
(259, 24680003, 24680003, 2012, '4583.000000', '10.000000', '458.300000', '5041.300000', 0, '2015-07-01 00:00:00', '2015-07-30 00:00:00', '', '', '', ''),
(260, 24680004, 24680004, 2016, '4594.000000', '10.000000', '459.400000', '5053.400000', 0, '2015-07-01 00:00:00', '2015-07-30 00:00:00', '', '', '', ''),
(261, 24680005, 24680005, 2020, '4605.000000', '10.000000', '460.500000', '5065.500000', 0, '2015-07-01 00:00:00', '2015-07-30 00:00:00', '', '', '', ''),
(262, 24680006, 24680006, 2024, '4616.000000', '10.000000', '461.600000', '5077.600000', 0, '2015-07-01 00:00:00', '2015-07-30 00:00:00', '', '', '', ''),
(263, 24680007, 24680007, 2028, '4627.000000', '10.000000', '462.700000', '5089.700000', 0, '2015-08-01 00:00:00', '2015-08-30 00:00:00', '', '', '', ''),
(264, 24680008, 24680008, 2032, '4638.000000', '10.000000', '463.800000', '5101.800000', 0, '2015-08-01 00:00:00', '2015-08-30 00:00:00', '', '', '', ''),
(265, 24680009, 24680009, 2036, '4649.000000', '10.000000', '464.900000', '5113.900000', 0, '2015-08-01 00:00:00', '2015-08-30 00:00:00', '', '', '', ''),
(266, 24680010, 24680010, 2040, '4660.000000', '10.000000', '466.000000', '5126.000000', 0, '2015-08-01 00:00:00', '2015-08-30 00:00:00', '', '', '', ''),
(267, 24680011, 24680011, 2044, '4671.000000', '10.000000', '467.100000', '5138.100000', 0, '2015-08-01 00:00:00', '2015-08-30 00:00:00', '', '', '', ''),
(268, 24680012, 24680012, 2048, '4682.000000', '10.000000', '468.200000', '5150.200000', 0, '2015-08-01 00:00:00', '2015-08-30 00:00:00', '', '', '', ''),
(269, 24680013, 24680013, 2052, '4693.000000', '10.000000', '469.300000', '5162.300000', 0, '2015-09-01 00:00:00', '2015-09-30 00:00:00', '', '', '', ''),
(270, 24680014, 24680014, 2056, '4704.000000', '10.000000', '470.400000', '5174.400000', 0, '2015-09-01 00:00:00', '2015-09-30 00:00:00', '', '', '', ''),
(271, 24680015, 24680015, 2060, '4715.000000', '10.000000', '471.500000', '5186.500000', 0, '2015-09-01 00:00:00', '2015-09-30 00:00:00', '', '', '', ''),
(272, 24680016, 24680016, 2064, '4726.000000', '10.000000', '472.600000', '5198.600000', 0, '2015-09-01 00:00:00', '2015-09-30 00:00:00', '', '', '', ''),
(273, 24680017, 24680017, 2068, '4737.000000', '10.000000', '473.700000', '5210.700000', 0, '2015-09-01 00:00:00', '2015-09-30 00:00:00', '', '', '', ''),
(274, 24680018, 24680018, 2072, '4748.000000', '10.000000', '474.800000', '5222.800000', 0, '2015-09-01 00:00:00', '2015-09-30 00:00:00', '', '', '', ''),
(275, 24680019, 24680019, 2076, '4759.000000', '10.000000', '475.900000', '5234.900000', 0, '2015-10-01 00:00:00', '2015-10-30 00:00:00', '', '', '', ''),
(276, 24680020, 24680020, 2080, '4770.000000', '10.000000', '477.000000', '5247.000000', 0, '2015-10-01 00:00:00', '2015-10-30 00:00:00', '', '', '', ''),
(277, 24680021, 24680021, 2084, '4781.000000', '10.000000', '478.100000', '5259.100000', 0, '2015-10-01 00:00:00', '2015-10-30 00:00:00', '', '', '', ''),
(278, 24680022, 24680022, 2088, '4792.000000', '10.000000', '479.200000', '5271.200000', 0, '2015-10-01 00:00:00', '2015-10-30 00:00:00', '', '', '', ''),
(279, 24680023, 24680023, 2092, '4803.000000', '10.000000', '480.300000', '5283.300000', 0, '2015-10-01 00:00:00', '2015-10-30 00:00:00', '', '', '', ''),
(280, 24680024, 24680024, 2096, '4814.000000', '10.000000', '481.400000', '5295.400000', 0, '2015-10-01 00:00:00', '2015-10-30 00:00:00', '', '', '', ''),
(281, 24680025, 24680025, 2100, '4825.000000', '10.000000', '482.500000', '5307.500000', 0, '2015-10-01 00:00:00', '2015-10-30 00:00:00', '', '', '', ''),
(282, 24680026, 24680026, 2104, '4836.000000', '10.000000', '483.600000', '5319.600000', 0, '2015-11-01 00:00:00', '2015-11-30 00:00:00', '', '', '', ''),
(283, 24680027, 24680027, 2108, '4847.000000', '10.000000', '484.700000', '5331.700000', 0, '2015-11-01 00:00:00', '2015-11-30 00:00:00', '', '', '', ''),
(284, 24680028, 24680028, 2112, '4858.000000', '10.000000', '485.800000', '5343.800000', 0, '2015-11-01 00:00:00', '2015-11-30 00:00:00', '', '', '', ''),
(285, 24680029, 24680029, 2116, '4869.000000', '10.000000', '486.900000', '5355.900000', 0, '2015-11-01 00:00:00', '2015-11-30 00:00:00', '', '', '', ''),
(286, 24680030, 24680030, 2120, '4880.000000', '10.000000', '488.000000', '5368.000000', 0, '2015-11-01 00:00:00', '2015-11-30 00:00:00', '', '', '', ''),
(287, 24680031, 24680031, 2124, '4891.000000', '10.000000', '489.100000', '5380.100000', 0, '2015-11-01 00:00:00', '2015-11-30 00:00:00', '', '', '', ''),
(288, 24680032, 24680032, 2128, '4902.000000', '10.000000', '490.200000', '5392.200000', 0, '2015-12-01 00:00:00', '2015-12-30 00:00:00', '', '', '', ''),
(289, 24680033, 24680033, 2132, '4913.000000', '10.000000', '491.300000', '5404.300000', 0, '2015-12-01 00:00:00', '2015-12-30 00:00:00', '', '', '', ''),
(290, 24680034, 24680034, 2136, '4924.000000', '10.000000', '492.400000', '5416.400000', 0, '2015-12-01 00:00:00', '2015-12-30 00:00:00', '', '', '', ''),
(291, 24680035, 24680035, 2140, '4935.000000', '10.000000', '493.500000', '5428.500000', 0, '2015-12-01 00:00:00', '2015-12-30 00:00:00', '', '', '', ''),
(292, 24680036, 24680036, 2144, '4946.000000', '10.000000', '494.600000', '5440.600000', 0, '2015-12-01 00:00:00', '2015-12-30 00:00:00', '', '', '', ''),
(293, 24680037, 24680037, 2148, '4957.000000', '10.000000', '495.700000', '5452.700000', 0, '2015-12-01 00:00:00', '2015-12-30 00:00:00', '', '', '', ''),
(294, 24680038, 24680038, 2152, '4968.000000', '10.000000', '496.800000', '5464.800000', 0, '2016-01-01 00:00:00', '2016-01-30 00:00:00', '', '', '', ''),
(295, 24680039, 24680039, 2156, '4979.000000', '10.000000', '497.900000', '5476.900000', 0, '2016-01-01 00:00:00', '2016-01-30 00:00:00', '', '', '', ''),
(296, 24680040, 24680040, 2160, '4990.000000', '10.000000', '499.000000', '5489.000000', 0, '2016-01-01 00:00:00', '2016-01-30 00:00:00', '', '', '', ''),
(297, 24680041, 24680041, 2164, '5001.000000', '10.000000', '500.100000', '5501.100000', 0, '2016-01-01 00:00:00', '2016-01-30 00:00:00', '', '', '', ''),
(298, 24680042, 24680042, 2168, '5012.000000', '10.000000', '501.200000', '5513.200000', 0, '2016-01-01 00:00:00', '2016-01-30 00:00:00', '', '', '', ''),
(299, 24680043, 24680043, 2172, '5023.000000', '10.000000', '502.300000', '5525.300000', 0, '2016-01-01 00:00:00', '2016-01-30 00:00:00', '', '', '', ''),
(300, 24680044, 24680044, 2176, '5034.000000', '10.000000', '503.400000', '5537.400000', 0, '2016-02-01 00:00:00', '0000-00-00 00:00:00', '', '', '', ''),
(301, 24680045, 24680045, 2180, '5045.000000', '10.000000', '504.500000', '5549.500000', 0, '2016-02-01 00:00:00', '0000-00-00 00:00:00', '', '', '', ''),
(302, 24680046, 24680046, 2184, '5056.000000', '10.000000', '505.600000', '5561.600000', 0, '2016-02-01 00:00:00', '0000-00-00 00:00:00', '', '', '', ''),
(303, 24680047, 24680047, 2188, '5067.000000', '10.000000', '506.700000', '5573.700000', 0, '2016-02-01 00:00:00', '0000-00-00 00:00:00', '', '', '', ''),
(304, 24680048, 24680048, 2192, '5078.000000', '10.000000', '507.800000', '5585.800000', 0, '2016-02-01 00:00:00', '0000-00-00 00:00:00', '', '', '', ''),
(305, 24680049, 24680049, 2196, '5089.000000', '10.000000', '508.900000', '5597.900000', 0, '2016-02-01 00:00:00', '0000-00-00 00:00:00', '', '', '', ''),
(306, 24680050, 24680050, 2200, '5100.000000', '10.000000', '510.000000', '5610.000000', 0, '2016-03-01 00:00:00', '2016-03-30 00:00:00', '', '', '', ''),
(307, 24680051, 24680051, 2204, '5111.000000', '10.000000', '511.100000', '5622.100000', 0, '2016-03-01 00:00:00', '2016-03-30 00:00:00', '', '', '', ''),
(308, 24680052, 24680052, 2208, '5122.000000', '10.000000', '512.200000', '5634.200000', 0, '2016-03-01 00:00:00', '2016-03-30 00:00:00', '', '', '', ''),
(309, 24680053, 24680053, 2212, '5133.000000', '10.000000', '513.300000', '5646.300000', 0, '2016-03-01 00:00:00', '2016-03-30 00:00:00', '', '', '', ''),
(310, 24680054, 24680054, 2216, '5144.000000', '10.000000', '514.400000', '5658.400000', 0, '2016-03-01 00:00:00', '2016-03-30 00:00:00', '', '', '', ''),
(311, 24680055, 24680055, 2220, '5155.000000', '10.000000', '515.500000', '5670.500000', 0, '2016-03-01 00:00:00', '2016-03-30 00:00:00', '', '', '', ''),
(312, 24680056, 24680056, 2224, '5166.000000', '10.000000', '516.600000', '5682.600000', 0, '2016-04-01 00:00:00', '2016-04-30 00:00:00', '', '', '', ''),
(313, 24680057, 24680057, 2228, '5177.000000', '10.000000', '517.700000', '5694.700000', 0, '2016-04-01 00:00:00', '2016-04-30 00:00:00', '', '', '', ''),
(314, 24680058, 24680058, 2232, '5188.000000', '10.000000', '518.800000', '5706.800000', 0, '2016-04-01 00:00:00', '2016-04-30 00:00:00', '', '', '', ''),
(315, 24680059, 24680059, 2236, '5199.000000', '10.000000', '519.900000', '5718.900000', 0, '2016-04-01 00:00:00', '2016-04-30 00:00:00', '', '', '', ''),
(316, 24680060, 24680060, 2240, '5210.000000', '10.000000', '521.000000', '5731.000000', 0, '2016-04-01 00:00:00', '2016-04-30 00:00:00', '', '', '', ''),
(317, 24680061, 24680061, 2244, '5221.000000', '10.000000', '522.100000', '5743.100000', 0, '2016-04-01 00:00:00', '2016-04-30 00:00:00', '', '', '', ''),
(318, 24680062, 24680062, 2248, '5232.000000', '10.000000', '523.200000', '5755.200000', 0, '2016-05-01 00:00:00', '2016-05-30 00:00:00', '', '', '', ''),
(319, 24680063, 24680063, 2252, '5243.000000', '10.000000', '524.300000', '5767.300000', 0, '2016-05-01 00:00:00', '2016-05-30 00:00:00', '', '', '', ''),
(320, 24680064, 24680064, 2256, '5254.000000', '10.000000', '525.400000', '5779.400000', 0, '2016-05-01 00:00:00', '2016-05-30 00:00:00', '', '', '', ''),
(321, 24680065, 24680065, 2260, '5265.000000', '10.000000', '526.500000', '5791.500000', 0, '2016-05-01 00:00:00', '2016-05-30 00:00:00', '', '', '', ''),
(322, 24680066, 24680066, 2264, '5276.000000', '10.000000', '527.600000', '5803.600000', 0, '2016-05-01 00:00:00', '2016-05-30 00:00:00', '', '', '', ''),
(323, 24680067, 24680067, 2268, '5287.000000', '10.000000', '528.700000', '5815.700000', 0, '2016-05-01 00:00:00', '2016-05-30 00:00:00', '', '', '', ''),
(324, 24680068, 24680068, 2272, '5298.000000', '10.000000', '529.800000', '5827.800000', 0, '2016-06-01 00:00:00', '2016-06-30 00:00:00', '', '', '', ''),
(325, 24680069, 24680069, 2276, '5309.000000', '10.000000', '530.900000', '5839.900000', 0, '2016-06-01 00:00:00', '2016-06-30 00:00:00', '', '', '', ''),
(326, 24680070, 24680070, 2280, '5320.000000', '10.000000', '532.000000', '5852.000000', 0, '2016-06-01 00:00:00', '2016-06-30 00:00:00', '', '', '', ''),
(327, 24680071, 24680071, 2284, '5331.000000', '10.000000', '533.100000', '5864.100000', 0, '2016-06-01 00:00:00', '2016-06-30 00:00:00', '', '', '', ''),
(328, 24680072, 24680072, 2288, '5342.000000', '10.000000', '534.200000', '5876.200000', 0, '2016-06-01 00:00:00', '2016-06-30 00:00:00', '', '', '', ''),
(329, 24680073, 24680073, 2292, '5353.000000', '10.000000', '535.300000', '5888.300000', 0, '2016-06-01 00:00:00', '2016-06-30 00:00:00', '', '', '', ''),
(330, 24680074, 24680074, 2296, '5364.000000', '10.000000', '536.400000', '5900.400000', 0, '2016-07-01 00:00:00', '2016-07-30 00:00:00', '', '', '', ''),
(331, 24680075, 24680075, 2300, '5375.000000', '10.000000', '537.500000', '5912.500000', 0, '2016-07-01 00:00:00', '2016-07-30 00:00:00', '', '', '', ''),
(332, 24680076, 24680076, 2304, '5386.000000', '10.000000', '538.600000', '5924.600000', 0, '2016-07-01 00:00:00', '2016-07-30 00:00:00', '', '', '', ''),
(333, 24680077, 24680077, 2308, '5397.000000', '10.000000', '539.700000', '5936.700000', 0, '2016-07-01 00:00:00', '2016-07-30 00:00:00', '', '', '', ''),
(334, 24680078, 24680078, 2312, '5408.000000', '10.000000', '540.800000', '5948.800000', 0, '2016-07-01 00:00:00', '2016-07-30 00:00:00', '', '', '', ''),
(335, 24680079, 24680079, 2316, '5419.000000', '10.000000', '541.900000', '5960.900000', 0, '2016-07-01 00:00:00', '2016-07-30 00:00:00', '', '', '', ''),
(336, 24680080, 24680080, 2320, '5430.000000', '10.000000', '543.000000', '5973.000000', 0, '2016-08-01 00:00:00', '2016-08-30 00:00:00', '', '', '', ''),
(337, 24680081, 24680081, 2324, '5441.000000', '10.000000', '544.100000', '5985.100000', 0, '2016-08-01 00:00:00', '2016-08-30 00:00:00', '', '', '', ''),
(338, 24680082, 24680082, 2328, '5452.000000', '10.000000', '545.200000', '5997.200000', 0, '2016-08-01 00:00:00', '2016-08-30 00:00:00', '', '', '', ''),
(339, 24680083, 24680083, 2332, '5463.000000', '10.000000', '546.300000', '6009.300000', 0, '2016-08-01 00:00:00', '2016-08-30 00:00:00', '', '', '', ''),
(340, 24680084, 24680084, 2336, '5474.000000', '10.000000', '547.400000', '6021.400000', 0, '2016-08-01 00:00:00', '2016-08-30 00:00:00', '', '', '', ''),
(341, 24680085, 24680085, 2340, '5485.000000', '10.000000', '548.500000', '6033.500000', 0, '2016-08-01 00:00:00', '2016-08-30 00:00:00', '', '', '', ''),
(342, 24680086, 24680086, 2344, '5496.000000', '10.000000', '549.600000', '6045.600000', 0, '2016-08-01 00:00:00', '2016-08-30 00:00:00', '', '', '', ''),
(343, 24680087, 24680087, 2348, '5507.000000', '10.000000', '550.700000', '6057.700000', 0, '2016-09-01 00:00:00', '2016-09-30 00:00:00', '', '', '', ''),
(344, 24680088, 24680088, 2352, '5518.000000', '10.000000', '551.800000', '6069.800000', 0, '2016-09-01 00:00:00', '2016-09-30 00:00:00', '', '', '', ''),
(345, 24680089, 24680089, 2356, '5529.000000', '10.000000', '552.900000', '6081.900000', 0, '2016-09-01 00:00:00', '2016-09-30 00:00:00', '', '', '', ''),
(346, 24680090, 24680090, 2360, '5540.000000', '10.000000', '554.000000', '6094.000000', 0, '2016-09-01 00:00:00', '2016-09-30 00:00:00', '', '', '', ''),
(347, 24680091, 24680091, 2364, '5551.000000', '10.000000', '555.100000', '6106.100000', 0, '2016-09-01 00:00:00', '2016-09-30 00:00:00', '', '', '', ''),
(348, 24680001, 24680001, 2004, '4561.000000', '10.000000', '456.100000', '5017.100000', 0, '2015-07-01 00:00:00', '2015-07-30 00:00:00', '', '', '', ''),
(349, 24680002, 24680002, 2008, '4572.000000', '10.000000', '457.200000', '5029.200000', 0, '2015-07-01 00:00:00', '2015-07-30 00:00:00', '', '', '', ''),
(350, 24680003, 24680003, 2012, '4583.000000', '10.000000', '458.300000', '5041.300000', 0, '2015-07-01 00:00:00', '2015-07-30 00:00:00', '', '', '', ''),
(351, 24680004, 24680004, 2016, '4594.000000', '10.000000', '459.400000', '5053.400000', 0, '2015-07-01 00:00:00', '2015-07-30 00:00:00', '', '', '', ''),
(352, 24680005, 24680005, 2020, '4605.000000', '10.000000', '460.500000', '5065.500000', 0, '2015-07-01 00:00:00', '2015-07-30 00:00:00', '', '', '', ''),
(353, 24680006, 24680006, 2024, '4616.000000', '10.000000', '461.600000', '5077.600000', 0, '2015-07-01 00:00:00', '2015-07-30 00:00:00', '', '', '', ''),
(354, 24680001, 24680001, 2004, '4561.000000', '10.000000', '456.100000', '5017.100000', 0, '2015-07-01 00:00:00', '2015-07-30 00:00:00', '', '', '', ''),
(355, 24680002, 24680002, 2008, '4572.000000', '10.000000', '457.200000', '5029.200000', 0, '2015-07-01 00:00:00', '2015-07-30 00:00:00', '', '', '', ''),
(356, 24680003, 24680003, 2012, '4583.000000', '10.000000', '458.300000', '5041.300000', 0, '2015-07-01 00:00:00', '2015-07-30 00:00:00', '', '', '', ''),
(357, 24680004, 24680004, 2016, '4594.000000', '10.000000', '459.400000', '5053.400000', 0, '2015-07-01 00:00:00', '2015-07-30 00:00:00', '', '', '', ''),
(358, 24680005, 24680005, 2020, '4605.000000', '10.000000', '460.500000', '5065.500000', 0, '2015-07-01 00:00:00', '2015-07-30 00:00:00', '', '', '', ''),
(359, 24680006, 24680006, 2024, '4616.000000', '10.000000', '461.600000', '5077.600000', 0, '2015-07-01 00:00:00', '2015-07-30 00:00:00', '', '', '', ''),
(360, 24680001, 24680001, 2004, '4561.000000', '10.000000', '456.100000', '5017.100000', 0, '2015-07-01 00:00:00', '2015-07-30 00:00:00', '', '', '', ''),
(361, 24680002, 24680002, 2008, '4572.000000', '10.000000', '457.200000', '5029.200000', 0, '2015-07-01 00:00:00', '2015-07-30 00:00:00', '', '', '', ''),
(362, 24680003, 24680003, 2012, '4583.000000', '10.000000', '458.300000', '5041.300000', 0, '2015-07-01 00:00:00', '2015-07-30 00:00:00', '', '', '', ''),
(363, 24680004, 24680004, 2016, '4594.000000', '10.000000', '459.400000', '5053.400000', 0, '2015-07-01 00:00:00', '2015-07-30 00:00:00', '', '', '', ''),
(364, 24680005, 24680005, 2020, '4605.000000', '10.000000', '460.500000', '5065.500000', 0, '2015-07-01 00:00:00', '2015-07-30 00:00:00', '', '', '', ''),
(365, 24680006, 24680006, 2024, '4616.000000', '10.000000', '461.600000', '5077.600000', 0, '2015-07-01 00:00:00', '2015-07-30 00:00:00', '', '', '', ''),
(366, 24680007, 24680007, 2028, '4627.000000', '10.000000', '462.700000', '5089.700000', 0, '2015-08-01 00:00:00', '2015-08-30 00:00:00', '', '', '', ''),
(367, 24680008, 24680008, 2032, '4638.000000', '10.000000', '463.800000', '5101.800000', 0, '2015-08-01 00:00:00', '2015-08-30 00:00:00', '', '', '', ''),
(368, 24680009, 24680009, 2036, '4649.000000', '10.000000', '464.900000', '5113.900000', 0, '2015-08-01 00:00:00', '2015-08-30 00:00:00', '', '', '', ''),
(369, 24680010, 24680010, 2040, '4660.000000', '10.000000', '466.000000', '5126.000000', 0, '2015-08-01 00:00:00', '2015-08-30 00:00:00', '', '', '', ''),
(370, 24680011, 24680011, 2044, '4671.000000', '10.000000', '467.100000', '5138.100000', 0, '2015-08-01 00:00:00', '2015-08-30 00:00:00', '', '', '', ''),
(371, 24680012, 24680012, 2048, '4682.000000', '10.000000', '468.200000', '5150.200000', 0, '2015-08-01 00:00:00', '2015-08-30 00:00:00', '', '', '', ''),
(372, 24680013, 24680013, 2052, '4693.000000', '10.000000', '469.300000', '5162.300000', 0, '2015-09-01 00:00:00', '2015-09-30 00:00:00', '', '', '', ''),
(373, 24680014, 24680014, 2056, '4704.000000', '10.000000', '470.400000', '5174.400000', 0, '2015-09-01 00:00:00', '2015-09-30 00:00:00', '', '', '', ''),
(374, 24680015, 24680015, 2060, '4715.000000', '10.000000', '471.500000', '5186.500000', 0, '2015-09-01 00:00:00', '2015-09-30 00:00:00', '', '', '', ''),
(375, 24680016, 24680016, 2064, '4726.000000', '10.000000', '472.600000', '5198.600000', 0, '2015-09-01 00:00:00', '2015-09-30 00:00:00', '', '', '', ''),
(376, 24680017, 24680017, 2068, '4737.000000', '10.000000', '473.700000', '5210.700000', 0, '2015-09-01 00:00:00', '2015-09-30 00:00:00', '', '', '', ''),
(377, 24680018, 24680018, 2072, '4748.000000', '10.000000', '474.800000', '5222.800000', 0, '2015-09-01 00:00:00', '2015-09-30 00:00:00', '', '', '', ''),
(378, 24680001, 24680001, 2004, '4561.000000', '10.000000', '456.100000', '5017.100000', 0, '2015-07-01 00:00:00', '2015-07-30 00:00:00', '', '', '', ''),
(379, 24680002, 24680002, 2008, '4572.000000', '10.000000', '457.200000', '5029.200000', 0, '2015-07-01 00:00:00', '2015-07-30 00:00:00', '', '', '', ''),
(380, 24680003, 24680003, 2012, '4583.000000', '10.000000', '458.300000', '5041.300000', 0, '2015-07-01 00:00:00', '2015-07-30 00:00:00', '', '', '', ''),
(381, 24680004, 24680004, 2016, '4594.000000', '10.000000', '459.400000', '5053.400000', 0, '2015-07-01 00:00:00', '2015-07-30 00:00:00', '', '', '', ''),
(382, 24680005, 24680005, 2020, '4605.000000', '10.000000', '460.500000', '5065.500000', 0, '2015-07-01 00:00:00', '2015-07-30 00:00:00', '', '', '', ''),
(383, 24680006, 24680006, 2024, '4616.000000', '10.000000', '461.600000', '5077.600000', 0, '2015-07-01 00:00:00', '2015-07-30 00:00:00', '', '', '', ''),
(384, 24680001, 24680001, 2004, '4561.000000', '10.000000', '456.100000', '5017.100000', 0, '2015-07-01 00:00:00', '2015-07-30 00:00:00', '', '', '', ''),
(385, 24680002, 24680002, 2008, '4572.000000', '10.000000', '457.200000', '5029.200000', 0, '2015-07-01 00:00:00', '2015-07-30 00:00:00', '', '', '', ''),
(386, 24680003, 24680003, 2012, '4583.000000', '10.000000', '458.300000', '5041.300000', 0, '2015-07-01 00:00:00', '2015-07-30 00:00:00', '', '', '', ''),
(387, 24680004, 24680004, 2016, '4594.000000', '10.000000', '459.400000', '5053.400000', 0, '2015-07-01 00:00:00', '2015-07-30 00:00:00', '', '', '', ''),
(388, 24680005, 24680005, 2020, '4605.000000', '10.000000', '460.500000', '5065.500000', 0, '2015-07-01 00:00:00', '2015-07-30 00:00:00', '', '', '', ''),
(389, 24680006, 24680006, 2024, '4616.000000', '10.000000', '461.600000', '5077.600000', 0, '2015-07-01 00:00:00', '2015-07-30 00:00:00', '', '', '', ''),
(390, 24680007, 24680007, 2028, '4627.000000', '10.000000', '462.700000', '5089.700000', 0, '2015-08-01 00:00:00', '2015-08-30 00:00:00', '', '', '', ''),
(391, 24680008, 24680008, 2032, '4638.000000', '10.000000', '463.800000', '5101.800000', 0, '2015-08-01 00:00:00', '2015-08-30 00:00:00', '', '', '', ''),
(392, 24680009, 24680009, 2036, '4649.000000', '10.000000', '464.900000', '5113.900000', 0, '2015-08-01 00:00:00', '2015-08-30 00:00:00', '', '', '', ''),
(393, 24680010, 24680010, 2040, '4660.000000', '10.000000', '466.000000', '5126.000000', 0, '2015-08-01 00:00:00', '2015-08-30 00:00:00', '', '', '', ''),
(394, 24680011, 24680011, 2044, '4671.000000', '10.000000', '467.100000', '5138.100000', 0, '2015-08-01 00:00:00', '2015-08-30 00:00:00', '', '', '', ''),
(395, 24680012, 24680012, 2048, '4682.000000', '10.000000', '468.200000', '5150.200000', 0, '2015-08-01 00:00:00', '2015-08-30 00:00:00', '', '', '', ''),
(396, 24680013, 24680013, 2052, '4693.000000', '10.000000', '469.300000', '5162.300000', 0, '2015-09-01 00:00:00', '2015-09-30 00:00:00', '', '', '', ''),
(397, 24680014, 24680014, 2056, '4704.000000', '10.000000', '470.400000', '5174.400000', 0, '2015-09-01 00:00:00', '2015-09-30 00:00:00', '', '', '', ''),
(398, 24680015, 24680015, 2060, '4715.000000', '10.000000', '471.500000', '5186.500000', 0, '2015-09-01 00:00:00', '2015-09-30 00:00:00', '', '', '', ''),
(399, 24680016, 24680016, 2064, '4726.000000', '10.000000', '472.600000', '5198.600000', 0, '2015-09-01 00:00:00', '2015-09-30 00:00:00', '', '', '', ''),
(400, 24680017, 24680017, 2068, '4737.000000', '10.000000', '473.700000', '5210.700000', 0, '2015-09-01 00:00:00', '2015-09-30 00:00:00', '', '', '', ''),
(401, 24680018, 24680018, 2072, '4748.000000', '10.000000', '474.800000', '5222.800000', 0, '2015-09-01 00:00:00', '2015-09-30 00:00:00', '', '', '', ''),
(402, 24680019, 24680019, 2076, '4759.000000', '10.000000', '475.900000', '5234.900000', 0, '2015-10-01 00:00:00', '2015-10-30 00:00:00', '', '', '', ''),
(403, 24680020, 24680020, 2080, '4770.000000', '10.000000', '477.000000', '5247.000000', 0, '2015-10-01 00:00:00', '2015-10-30 00:00:00', '', '', '', ''),
(404, 24680021, 24680021, 2084, '4781.000000', '10.000000', '478.100000', '5259.100000', 0, '2015-10-01 00:00:00', '2015-10-30 00:00:00', '', '', '', ''),
(405, 24680022, 24680022, 2088, '4792.000000', '10.000000', '479.200000', '5271.200000', 0, '2015-10-01 00:00:00', '2015-10-30 00:00:00', '', '', '', ''),
(406, 24680023, 24680023, 2092, '4803.000000', '10.000000', '480.300000', '5283.300000', 0, '2015-10-01 00:00:00', '2015-10-30 00:00:00', '', '', '', ''),
(407, 24680024, 24680024, 2096, '4814.000000', '10.000000', '481.400000', '5295.400000', 0, '2015-10-01 00:00:00', '2015-10-30 00:00:00', '', '', '', ''),
(408, 24680025, 24680025, 2100, '4825.000000', '10.000000', '482.500000', '5307.500000', 0, '2015-10-01 00:00:00', '2015-10-30 00:00:00', '', '', '', ''),
(409, 24680026, 24680026, 2104, '4836.000000', '10.000000', '483.600000', '5319.600000', 0, '2015-11-01 00:00:00', '2015-11-30 00:00:00', '', '', '', ''),
(410, 24680027, 24680027, 2108, '4847.000000', '10.000000', '484.700000', '5331.700000', 0, '2015-11-01 00:00:00', '2015-11-30 00:00:00', '', '', '', ''),
(411, 24680028, 24680028, 2112, '4858.000000', '10.000000', '485.800000', '5343.800000', 0, '2015-11-01 00:00:00', '2015-11-30 00:00:00', '', '', '', ''),
(412, 24680029, 24680029, 2116, '4869.000000', '10.000000', '486.900000', '5355.900000', 0, '2015-11-01 00:00:00', '2015-11-30 00:00:00', '', '', '', ''),
(413, 24680030, 24680030, 2120, '4880.000000', '10.000000', '488.000000', '5368.000000', 0, '2015-11-01 00:00:00', '2015-11-30 00:00:00', '', '', '', ''),
(414, 24680031, 24680031, 2124, '4891.000000', '10.000000', '489.100000', '5380.100000', 0, '2015-11-01 00:00:00', '2015-11-30 00:00:00', '', '', '', ''),
(415, 24680032, 24680032, 2128, '4902.000000', '10.000000', '490.200000', '5392.200000', 0, '2015-12-01 00:00:00', '2015-12-30 00:00:00', '', '', '', ''),
(416, 24680033, 24680033, 2132, '4913.000000', '10.000000', '491.300000', '5404.300000', 0, '2015-12-01 00:00:00', '2015-12-30 00:00:00', '', '', '', ''),
(417, 24680034, 24680034, 2136, '4924.000000', '10.000000', '492.400000', '5416.400000', 0, '2015-12-01 00:00:00', '2015-12-30 00:00:00', '', '', '', ''),
(418, 24680035, 24680035, 2140, '4935.000000', '10.000000', '493.500000', '5428.500000', 0, '2015-12-01 00:00:00', '2015-12-30 00:00:00', '', '', '', ''),
(419, 24680036, 24680036, 2144, '4946.000000', '10.000000', '494.600000', '5440.600000', 0, '2015-12-01 00:00:00', '2015-12-30 00:00:00', '', '', '', ''),
(420, 24680037, 24680037, 2148, '4957.000000', '10.000000', '495.700000', '5452.700000', 0, '2015-12-01 00:00:00', '2015-12-30 00:00:00', '', '', '', ''),
(421, 24680038, 24680038, 2152, '4968.000000', '10.000000', '496.800000', '5464.800000', 0, '2016-01-01 00:00:00', '2016-01-30 00:00:00', '', '', '', ''),
(422, 24680039, 24680039, 2156, '4979.000000', '10.000000', '497.900000', '5476.900000', 0, '2016-01-01 00:00:00', '2016-01-30 00:00:00', '', '', '', ''),
(423, 24680040, 24680040, 2160, '4990.000000', '10.000000', '499.000000', '5489.000000', 0, '2016-01-01 00:00:00', '2016-01-30 00:00:00', '', '', '', ''),
(424, 24680041, 24680041, 2164, '5001.000000', '10.000000', '500.100000', '5501.100000', 0, '2016-01-01 00:00:00', '2016-01-30 00:00:00', '', '', '', ''),
(425, 24680042, 24680042, 2168, '5012.000000', '10.000000', '501.200000', '5513.200000', 0, '2016-01-01 00:00:00', '2016-01-30 00:00:00', '', '', '', ''),
(426, 24680043, 24680043, 2172, '5023.000000', '10.000000', '502.300000', '5525.300000', 0, '2016-01-01 00:00:00', '2016-01-30 00:00:00', '', '', '', ''),
(427, 24680044, 24680044, 2176, '5034.000000', '10.000000', '503.400000', '5537.400000', 0, '2016-02-01 00:00:00', '0000-00-00 00:00:00', '', '', '', ''),
(428, 24680045, 24680045, 2180, '5045.000000', '10.000000', '504.500000', '5549.500000', 0, '2016-02-01 00:00:00', '0000-00-00 00:00:00', '', '', '', ''),
(429, 24680046, 24680046, 2184, '5056.000000', '10.000000', '505.600000', '5561.600000', 0, '2016-02-01 00:00:00', '0000-00-00 00:00:00', '', '', '', ''),
(430, 24680047, 24680047, 2188, '5067.000000', '10.000000', '506.700000', '5573.700000', 0, '2016-02-01 00:00:00', '0000-00-00 00:00:00', '', '', '', ''),
(431, 24680048, 24680048, 2192, '5078.000000', '10.000000', '507.800000', '5585.800000', 0, '2016-02-01 00:00:00', '0000-00-00 00:00:00', '', '', '', ''),
(432, 24680049, 24680049, 2196, '5089.000000', '10.000000', '508.900000', '5597.900000', 0, '2016-02-01 00:00:00', '0000-00-00 00:00:00', '', '', '', ''),
(433, 24680050, 24680050, 2200, '5100.000000', '10.000000', '510.000000', '5610.000000', 0, '2016-03-01 00:00:00', '2016-03-30 00:00:00', '', '', '', ''),
(434, 24680051, 24680051, 2204, '5111.000000', '10.000000', '511.100000', '5622.100000', 0, '2016-03-01 00:00:00', '2016-03-30 00:00:00', '', '', '', ''),
(435, 24680052, 24680052, 2208, '5122.000000', '10.000000', '512.200000', '5634.200000', 0, '2016-03-01 00:00:00', '2016-03-30 00:00:00', '', '', '', ''),
(436, 24680053, 24680053, 2212, '5133.000000', '10.000000', '513.300000', '5646.300000', 0, '2016-03-01 00:00:00', '2016-03-30 00:00:00', '', '', '', ''),
(437, 24680054, 24680054, 2216, '5144.000000', '10.000000', '514.400000', '5658.400000', 0, '2016-03-01 00:00:00', '2016-03-30 00:00:00', '', '', '', ''),
(438, 24680055, 24680055, 2220, '5155.000000', '10.000000', '515.500000', '5670.500000', 0, '2016-03-01 00:00:00', '2016-03-30 00:00:00', '', '', '', ''),
(439, 24680056, 24680056, 2224, '5166.000000', '10.000000', '516.600000', '5682.600000', 0, '2016-04-01 00:00:00', '2016-04-30 00:00:00', '', '', '', ''),
(440, 24680057, 24680057, 2228, '5177.000000', '10.000000', '517.700000', '5694.700000', 0, '2016-04-01 00:00:00', '2016-04-30 00:00:00', '', '', '', ''),
(441, 24680058, 24680058, 2232, '5188.000000', '10.000000', '518.800000', '5706.800000', 0, '2016-04-01 00:00:00', '2016-04-30 00:00:00', '', '', '', ''),
(442, 24680059, 24680059, 2236, '5199.000000', '10.000000', '519.900000', '5718.900000', 0, '2016-04-01 00:00:00', '2016-04-30 00:00:00', '', '', '', ''),
(443, 24680060, 24680060, 2240, '5210.000000', '10.000000', '521.000000', '5731.000000', 0, '2016-04-01 00:00:00', '2016-04-30 00:00:00', '', '', '', ''),
(444, 24680061, 24680061, 2244, '5221.000000', '10.000000', '522.100000', '5743.100000', 0, '2016-04-01 00:00:00', '2016-04-30 00:00:00', '', '', '', ''),
(445, 24680062, 24680062, 2248, '5232.000000', '10.000000', '523.200000', '5755.200000', 0, '2016-05-01 00:00:00', '2016-05-30 00:00:00', '', '', '', ''),
(446, 24680063, 24680063, 2252, '5243.000000', '10.000000', '524.300000', '5767.300000', 0, '2016-05-01 00:00:00', '2016-05-30 00:00:00', '', '', '', ''),
(447, 24680064, 24680064, 2256, '5254.000000', '10.000000', '525.400000', '5779.400000', 0, '2016-05-01 00:00:00', '2016-05-30 00:00:00', '', '', '', ''),
(448, 24680065, 24680065, 2260, '5265.000000', '10.000000', '526.500000', '5791.500000', 0, '2016-05-01 00:00:00', '2016-05-30 00:00:00', '', '', '', ''),
(449, 24680066, 24680066, 2264, '5276.000000', '10.000000', '527.600000', '5803.600000', 0, '2016-05-01 00:00:00', '2016-05-30 00:00:00', '', '', '', ''),
(450, 24680067, 24680067, 2268, '5287.000000', '10.000000', '528.700000', '5815.700000', 0, '2016-05-01 00:00:00', '2016-05-30 00:00:00', '', '', '', ''),
(451, 24680068, 24680068, 2272, '5298.000000', '10.000000', '529.800000', '5827.800000', 0, '2016-06-01 00:00:00', '2016-06-30 00:00:00', '', '', '', ''),
(452, 24680069, 24680069, 2276, '5309.000000', '10.000000', '530.900000', '5839.900000', 0, '2016-06-01 00:00:00', '2016-06-30 00:00:00', '', '', '', ''),
(453, 24680070, 24680070, 2280, '5320.000000', '10.000000', '532.000000', '5852.000000', 0, '2016-06-01 00:00:00', '2016-06-30 00:00:00', '', '', '', ''),
(454, 24680071, 24680071, 2284, '5331.000000', '10.000000', '533.100000', '5864.100000', 0, '2016-06-01 00:00:00', '2016-06-30 00:00:00', '', '', '', ''),
(455, 24680072, 24680072, 2288, '5342.000000', '10.000000', '534.200000', '5876.200000', 0, '2016-06-01 00:00:00', '2016-06-30 00:00:00', '', '', '', ''),
(456, 24680073, 24680073, 2292, '5353.000000', '10.000000', '535.300000', '5888.300000', 0, '2016-06-01 00:00:00', '2016-06-30 00:00:00', '', '', '', ''),
(457, 24680074, 24680074, 2296, '5364.000000', '10.000000', '536.400000', '5900.400000', 0, '2016-07-01 00:00:00', '2016-07-30 00:00:00', '', '', '', ''),
(458, 24680075, 24680075, 2300, '5375.000000', '10.000000', '537.500000', '5912.500000', 0, '2016-07-01 00:00:00', '2016-07-30 00:00:00', '', '', '', ''),
(459, 24680076, 24680076, 2304, '5386.000000', '10.000000', '538.600000', '5924.600000', 0, '2016-07-01 00:00:00', '2016-07-30 00:00:00', '', '', '', ''),
(460, 24680077, 24680077, 2308, '5397.000000', '10.000000', '539.700000', '5936.700000', 0, '2016-07-01 00:00:00', '2016-07-30 00:00:00', '', '', '', ''),
(461, 24680078, 24680078, 2312, '5408.000000', '10.000000', '540.800000', '5948.800000', 0, '2016-07-01 00:00:00', '2016-07-30 00:00:00', '', '', '', ''),
(462, 24680079, 24680079, 2316, '5419.000000', '10.000000', '541.900000', '5960.900000', 0, '2016-07-01 00:00:00', '2016-07-30 00:00:00', '', '', '', ''),
(463, 24680080, 24680080, 2320, '5430.000000', '10.000000', '543.000000', '5973.000000', 0, '2016-08-01 00:00:00', '2016-08-30 00:00:00', '', '', '', ''),
(464, 24680081, 24680081, 2324, '5441.000000', '10.000000', '544.100000', '5985.100000', 0, '2016-08-01 00:00:00', '2016-08-30 00:00:00', '', '', '', ''),
(465, 24680082, 24680082, 2328, '5452.000000', '10.000000', '545.200000', '5997.200000', 0, '2016-08-01 00:00:00', '2016-08-30 00:00:00', '', '', '', ''),
(466, 24680083, 24680083, 2332, '5463.000000', '10.000000', '546.300000', '6009.300000', 0, '2016-08-01 00:00:00', '2016-08-30 00:00:00', '', '', '', ''),
(467, 24680084, 24680084, 2336, '5474.000000', '10.000000', '547.400000', '6021.400000', 0, '2016-08-01 00:00:00', '2016-08-30 00:00:00', '', '', '', ''),
(468, 24680085, 24680085, 2340, '5485.000000', '10.000000', '548.500000', '6033.500000', 0, '2016-08-01 00:00:00', '2016-08-30 00:00:00', '', '', '', ''),
(469, 24680086, 24680086, 2344, '5496.000000', '10.000000', '549.600000', '6045.600000', 0, '2016-08-01 00:00:00', '2016-08-30 00:00:00', '', '', '', ''),
(470, 24680087, 24680087, 2348, '5507.000000', '10.000000', '550.700000', '6057.700000', 0, '2016-09-01 00:00:00', '2016-09-30 00:00:00', '', '', '', ''),
(471, 24680088, 24680088, 2352, '5518.000000', '10.000000', '551.800000', '6069.800000', 0, '2016-09-01 00:00:00', '2016-09-30 00:00:00', '', '', '', ''),
(472, 24680089, 24680089, 2356, '5529.000000', '10.000000', '552.900000', '6081.900000', 0, '2016-09-01 00:00:00', '2016-09-30 00:00:00', '', '', '', ''),
(473, 24680090, 24680090, 2360, '5540.000000', '10.000000', '554.000000', '6094.000000', 0, '2016-09-01 00:00:00', '2016-09-30 00:00:00', '', '', '', ''),
(474, 24680091, 24680091, 2364, '5551.000000', '10.000000', '555.100000', '6106.100000', 0, '2016-09-01 00:00:00', '2016-09-30 00:00:00', '', '', '', ''),
(475, 24680092, 24680092, 2368, '5562.000000', '10.000000', '556.200000', '6118.200000', 0, '2016-09-01 00:00:00', '2016-09-30 00:00:00', '', '', '', ''),
(476, 24680093, 24680093, 2372, '5573.000000', '10.000000', '557.300000', '6130.300000', 0, '2016-10-01 00:00:00', '2016-10-30 00:00:00', '', '', '', ''),
(477, 24680094, 24680094, 2376, '5584.000000', '10.000000', '558.400000', '6142.400000', 0, '2016-10-01 00:00:00', '2016-10-30 00:00:00', '', '', '', ''),
(478, 24680095, 24680095, 2380, '5595.000000', '10.000000', '559.500000', '6154.500000', 0, '2016-10-01 00:00:00', '2016-10-30 00:00:00', '', '', '', ''),
(479, 24680096, 24680096, 2384, '5606.000000', '10.000000', '560.600000', '6166.600000', 0, '2016-10-01 00:00:00', '2016-10-30 00:00:00', '', '', '', ''),
(480, 24680097, 24680097, 2388, '5617.000000', '10.000000', '561.700000', '6178.700000', 0, '2016-10-01 00:00:00', '2016-10-30 00:00:00', '', '', '', ''),
(481, 24680098, 24680098, 2392, '5628.000000', '10.000000', '562.800000', '6190.800000', 0, '2016-10-01 00:00:00', '2016-10-30 00:00:00', '', '', '', ''),
(482, 24680099, 24680099, 2396, '5639.000000', '10.000000', '563.900000', '6202.900000', 0, '2016-11-01 00:00:00', '2016-11-30 00:00:00', '', '', '', ''),
(483, 24680100, 24680100, 2400, '5650.000000', '10.000000', '565.000000', '6215.000000', 0, '2016-11-01 00:00:00', '2016-11-30 00:00:00', '', '', '', '');

-- --------------------------------------------------------

--
-- Table structure for table `currencies`
--

CREATE TABLE IF NOT EXISTS `currencies` (
  `FromCurrency` varchar(3) COLLATE utf8_bin NOT NULL,
  `ToCurrency` varchar(3) COLLATE utf8_bin NOT NULL,
  `ExchangeRate` decimal(16,6) NOT NULL,
  `StartDate` date NOT NULL,
  `EndDate` date NOT NULL
) ENGINE=InnoDB DEFAULT CHARSET=utf8 COLLATE=utf8_bin;

--
-- Dumping data for table `currencies`
--

INSERT INTO `currencies` (`FromCurrency`, `ToCurrency`, `ExchangeRate`, `StartDate`, `EndDate`) VALUES
('INR', 'USD', '64.650000', '2014-07-01', '9999-12-31'),
('USD', 'INR', '0.015468', '2014-07-01', '9999-12-31'),
('INR', 'GBR', '90.650000', '2014-07-01', '9999-12-31'),
('GBR', 'INR', '0.011031', '2014-07-01', '9999-12-31'),
('INR', 'EUR', '55.650000', '2014-07-01', '9999-12-31'),
('EUR', 'INR', '0.017969', '2014-07-01', '9999-12-31');

-- --------------------------------------------------------

--
-- Table structure for table `customer`
--

CREATE TABLE IF NOT EXISTS `customer` (
  `Name` varchar(200) COLLATE utf8_bin NOT NULL DEFAULT 'Test',
  `AddressLine` varchar(300) COLLATE utf8_bin NOT NULL DEFAULT 'default line 1',
  `AddressStreet` varchar(300) COLLATE utf8_bin NOT NULL DEFAULT 'default street',
  `AddressCity` varchar(300) COLLATE utf8_bin NOT NULL DEFAULT 'default city',
  `AddressState` varchar(300) COLLATE utf8_bin NOT NULL DEFAULT 'Default State',
  `AddressCountry` varchar(300) COLLATE utf8_bin NOT NULL DEFAULT 'Default Country',
  `AddressPinCode` varchar(50) COLLATE utf8_bin NOT NULL DEFAULT 'default PinCode',
  `Currency` varchar(3) COLLATE utf8_bin NOT NULL DEFAULT 'INR',
  `StartDate` date NOT NULL,
  `ActiveDate` date NOT NULL,
  `EndDate` date NOT NULL,
  `LastBillDate` date DEFAULT NULL,
  `Status` varchar(15) COLLATE utf8_bin NOT NULL DEFAULT 'Active',
  `AccountId` int(11) NOT NULL,
  `password` varchar(100) COLLATE utf8_bin NOT NULL
) ENGINE=InnoDB AUTO_INCREMENT=24680104 DEFAULT CHARSET=utf8 COLLATE=utf8_bin;

--
-- Dumping data for table `customer`
--

INSERT INTO `customer` (`Name`, `AddressLine`, `AddressStreet`, `AddressCity`, `AddressState`, `AddressCountry`, `AddressPinCode`, `Currency`, `StartDate`, `ActiveDate`, `EndDate`, `LastBillDate`, `Status`, `AccountId`, `password`) VALUES
('CustomerDefault1', 'RMZ ', 'Perungudi', 'CHN', 'TN', 'India', '6000113', 'INR', '0000-00-00', '0000-00-00', '0000-00-00', '0000-00-00', 'Active', 24680001, 'dummy'),
('CustomerDefault1', 'RMZ ', 'Perungudi', 'CHN', 'TN', 'India', '6000113', 'INR', '0000-00-00', '0000-00-00', '0000-00-00', '0000-00-00', 'Active', 24680002, 'dummy'),
('CustomerDefault1', 'RMZ ', 'Perungudi', 'CHN', 'TN', 'India', '6000113', 'INR', '0000-00-00', '0000-00-00', '0000-00-00', '0000-00-00', 'Active', 24680003, 'dummy'),
('CustomerDefault1', 'RMZ ', 'Perungudi', 'CHN', 'TN', 'India', '6000113', 'INR', '0000-00-00', '0000-00-00', '0000-00-00', '0000-00-00', 'Active', 24680004, 'dummy'),
('CustomerDefault1', 'RMZ ', 'Perungudi', 'CHN', 'TN', 'India', '6000113', 'INR', '0000-00-00', '0000-00-00', '0000-00-00', '0000-00-00', 'Active', 24680005, 'dummy'),
('CustomerDefault1', 'RMZ ', 'Perungudi', 'CHN', 'TN', 'India', '6000113', 'INR', '0000-00-00', '0000-00-00', '0000-00-00', '0000-00-00', 'Active', 24680006, 'dummy'),
('CustomerDefault1', 'RMZ ', 'Perungudi', 'CHN', 'TN', 'India', '6000113', 'INR', '0000-00-00', '0000-00-00', '0000-00-00', '0000-00-00', 'Active', 24680007, 'dummy'),
('CustomerDefault1', 'RMZ ', 'Perungudi', 'CHN', 'TN', 'India', '6000113', 'INR', '0000-00-00', '0000-00-00', '0000-00-00', '0000-00-00', 'Active', 24680008, 'dummy'),
('CustomerDefault1', 'RMZ ', 'Perungudi', 'CHN', 'TN', 'India', '6000113', 'INR', '0000-00-00', '0000-00-00', '0000-00-00', '0000-00-00', 'Active', 24680009, 'dummy'),
('CustomerDefault1', 'RMZ ', 'Perungudi', 'CHN', 'TN', 'India', '6000113', 'INR', '0000-00-00', '0000-00-00', '0000-00-00', '0000-00-00', 'Active', 24680010, 'dummy'),
('CustomerDefault1', 'RMZ ', 'Perungudi', 'CHN', 'TN', 'India', '6000113', 'INR', '0000-00-00', '0000-00-00', '0000-00-00', '0000-00-00', 'Active', 24680011, 'dummy'),
('CustomerDefault1', 'RMZ ', 'Perungudi', 'CHN', 'TN', 'India', '6000113', 'INR', '0000-00-00', '0000-00-00', '0000-00-00', '0000-00-00', 'Active', 24680012, 'dummy'),
('CustomerDefault1', 'RMZ ', 'Perungudi', 'CHN', 'TN', 'India', '6000113', 'INR', '0000-00-00', '0000-00-00', '0000-00-00', '0000-00-00', 'Active', 24680013, 'dummy'),
('CustomerDefault1', 'RMZ ', 'Perungudi', 'CHN', 'TN', 'India', '6000113', 'INR', '0000-00-00', '0000-00-00', '0000-00-00', '0000-00-00', 'Active', 24680014, 'dummy'),
('CustomerDefault1', 'RMZ ', 'Perungudi', 'CHN', 'TN', 'India', '6000113', 'INR', '0000-00-00', '0000-00-00', '0000-00-00', '0000-00-00', 'Active', 24680015, 'dummy'),
('CustomerDefault1', 'RMZ ', 'Perungudi', 'CHN', 'TN', 'India', '6000113', 'INR', '0000-00-00', '0000-00-00', '0000-00-00', '0000-00-00', 'Active', 24680016, 'dummy'),
('CustomerDefault1', 'RMZ ', 'Perungudi', 'CHN', 'TN', 'India', '6000113', 'INR', '0000-00-00', '0000-00-00', '0000-00-00', '0000-00-00', 'Active', 24680017, 'dummy'),
('CustomerDefault1', 'RMZ ', 'Perungudi', 'CHN', 'TN', 'India', '6000113', 'INR', '0000-00-00', '0000-00-00', '0000-00-00', '0000-00-00', 'Active', 24680018, 'dummy'),
('CustomerDefault1', 'RMZ ', 'Perungudi', 'CHN', 'TN', 'India', '6000113', 'INR', '0000-00-00', '0000-00-00', '0000-00-00', '0000-00-00', 'Active', 24680019, 'dummy'),
('CustomerDefault1', 'RMZ ', 'Perungudi', 'CHN', 'TN', 'India', '6000113', 'INR', '0000-00-00', '0000-00-00', '0000-00-00', '0000-00-00', 'Active', 24680020, 'dummy'),
('CustomerDefault1', 'RMZ ', 'Perungudi', 'CHN', 'TN', 'India', '6000113', 'INR', '0000-00-00', '0000-00-00', '0000-00-00', '0000-00-00', 'Active', 24680021, 'dummy'),
('CustomerDefault1', 'RMZ ', 'Perungudi', 'CHN', 'TN', 'India', '6000113', 'INR', '0000-00-00', '0000-00-00', '0000-00-00', '0000-00-00', 'Active', 24680022, 'dummy'),
('CustomerDefault1', 'RMZ ', 'Perungudi', 'CHN', 'TN', 'India', '6000113', 'INR', '0000-00-00', '0000-00-00', '0000-00-00', '0000-00-00', 'Active', 24680023, 'dummy'),
('CustomerDefault1', 'RMZ ', 'Perungudi', 'CHN', 'TN', 'India', '6000113', 'INR', '0000-00-00', '0000-00-00', '0000-00-00', '0000-00-00', 'Active', 24680024, 'dummy'),
('CustomerDefault1', 'RMZ ', 'Perungudi', 'CHN', 'TN', 'India', '6000113', 'INR', '0000-00-00', '0000-00-00', '0000-00-00', '0000-00-00', 'Active', 24680025, 'dummy'),
('CustomerDefault1', 'RMZ ', 'Perungudi', 'CHN', 'TN', 'India', '6000113', 'INR', '0000-00-00', '0000-00-00', '0000-00-00', '0000-00-00', 'Active', 24680026, 'dummy'),
('CustomerDefault1', 'RMZ ', 'Perungudi', 'CHN', 'TN', 'India', '6000113', 'INR', '0000-00-00', '0000-00-00', '0000-00-00', '0000-00-00', 'Active', 24680027, 'dummy'),
('CustomerDefault1', 'RMZ ', 'Perungudi', 'CHN', 'TN', 'India', '6000113', 'INR', '0000-00-00', '0000-00-00', '0000-00-00', '0000-00-00', 'Active', 24680028, 'dummy'),
('CustomerDefault1', 'RMZ ', 'Perungudi', 'CHN', 'TN', 'India', '6000113', 'INR', '0000-00-00', '0000-00-00', '0000-00-00', '0000-00-00', 'Active', 24680029, 'dummy'),
('CustomerDefault1', 'RMZ ', 'Perungudi', 'CHN', 'TN', 'India', '6000113', 'INR', '0000-00-00', '0000-00-00', '0000-00-00', '0000-00-00', 'Active', 24680030, 'dummy'),
('CustomerDefault1', 'RMZ ', 'Perungudi', 'CHN', 'TN', 'India', '6000113', 'INR', '0000-00-00', '0000-00-00', '0000-00-00', '0000-00-00', 'Active', 24680031, 'dummy'),
('CustomerDefault1', 'RMZ ', 'Perungudi', 'CHN', 'TN', 'India', '6000113', 'INR', '0000-00-00', '0000-00-00', '0000-00-00', '0000-00-00', 'Active', 24680032, 'dummy'),
('CustomerDefault1', 'RMZ ', 'Perungudi', 'CHN', 'TN', 'India', '6000113', 'INR', '0000-00-00', '0000-00-00', '0000-00-00', '0000-00-00', 'Active', 24680033, 'dummy'),
('CustomerDefault1', 'RMZ ', 'Perungudi', 'CHN', 'TN', 'India', '6000113', 'INR', '0000-00-00', '0000-00-00', '0000-00-00', '0000-00-00', 'Active', 24680034, 'dummy'),
('CustomerDefault1', 'RMZ ', 'Perungudi', 'CHN', 'TN', 'India', '6000113', 'INR', '0000-00-00', '0000-00-00', '0000-00-00', '0000-00-00', 'Active', 24680035, 'dummy'),
('CustomerDefault1', 'RMZ ', 'Perungudi', 'CHN', 'TN', 'India', '6000113', 'INR', '0000-00-00', '0000-00-00', '0000-00-00', '0000-00-00', 'Active', 24680036, 'dummy'),
('CustomerDefault1', 'RMZ ', 'Perungudi', 'CHN', 'TN', 'India', '6000113', 'INR', '0000-00-00', '0000-00-00', '0000-00-00', '0000-00-00', 'Active', 24680037, 'dummy'),
('CustomerDefault1', 'RMZ ', 'Perungudi', 'CHN', 'TN', 'India', '6000113', 'INR', '0000-00-00', '0000-00-00', '0000-00-00', '0000-00-00', 'Active', 24680038, 'dummy'),
('CustomerDefault1', 'RMZ ', 'Perungudi', 'CHN', 'TN', 'India', '6000113', 'INR', '0000-00-00', '0000-00-00', '0000-00-00', '0000-00-00', 'Active', 24680039, 'dummy'),
('CustomerDefault1', 'RMZ ', 'Perungudi', 'CHN', 'TN', 'India', '6000113', 'INR', '0000-00-00', '0000-00-00', '0000-00-00', '0000-00-00', 'Active', 24680040, 'dummy'),
('CustomerDefault1', 'RMZ ', 'Perungudi', 'CHN', 'TN', 'India', '6000113', 'INR', '0000-00-00', '0000-00-00', '0000-00-00', '0000-00-00', 'Active', 24680041, 'dummy'),
('CustomerDefault1', 'RMZ ', 'Perungudi', 'CHN', 'TN', 'India', '6000113', 'INR', '0000-00-00', '0000-00-00', '0000-00-00', '0000-00-00', 'Active', 24680042, 'dummy'),
('CustomerDefault1', 'RMZ ', 'Perungudi', 'CHN', 'TN', 'India', '6000113', 'INR', '0000-00-00', '0000-00-00', '0000-00-00', '0000-00-00', 'Active', 24680043, 'dummy'),
('CustomerDefault1', 'RMZ ', 'Perungudi', 'CHN', 'TN', 'India', '6000113', 'INR', '0000-00-00', '0000-00-00', '0000-00-00', '0000-00-00', 'Active', 24680044, 'dummy'),
('CustomerDefault1', 'RMZ ', 'Perungudi', 'CHN', 'TN', 'India', '6000113', 'INR', '0000-00-00', '0000-00-00', '0000-00-00', '0000-00-00', 'Active', 24680045, 'dummy'),
('CustomerDefault1', 'RMZ ', 'Perungudi', 'CHN', 'TN', 'India', '6000113', 'INR', '0000-00-00', '0000-00-00', '0000-00-00', '0000-00-00', 'Active', 24680046, 'dummy'),
('CustomerDefault1', 'RMZ ', 'Perungudi', 'CHN', 'TN', 'India', '6000113', 'INR', '0000-00-00', '0000-00-00', '0000-00-00', '0000-00-00', 'Active', 24680047, 'dummy'),
('CustomerDefault1', 'RMZ ', 'Perungudi', 'CHN', 'TN', 'India', '6000113', 'INR', '0000-00-00', '0000-00-00', '0000-00-00', '0000-00-00', 'Active', 24680048, 'dummy'),
('CustomerDefault1', 'RMZ ', 'Perungudi', 'CHN', 'TN', 'India', '6000113', 'INR', '0000-00-00', '0000-00-00', '0000-00-00', '0000-00-00', 'Active', 24680049, 'dummy'),
('CustomerDefault1', 'RMZ ', 'Perungudi', 'CHN', 'TN', 'India', '6000113', 'INR', '0000-00-00', '0000-00-00', '0000-00-00', '0000-00-00', 'Active', 24680050, 'dummy'),
('CustomerDefault1', 'RMZ ', 'Perungudi', 'CHN', 'TN', 'India', '6000113', 'INR', '0000-00-00', '0000-00-00', '0000-00-00', '0000-00-00', 'Active', 24680051, 'dummy'),
('CustomerDefault1', 'RMZ ', 'Perungudi', 'CHN', 'TN', 'India', '6000113', 'INR', '0000-00-00', '0000-00-00', '0000-00-00', '0000-00-00', 'Active', 24680052, 'dummy'),
('CustomerDefault1', 'RMZ ', 'Perungudi', 'CHN', 'TN', 'India', '6000113', 'INR', '0000-00-00', '0000-00-00', '0000-00-00', '0000-00-00', 'Active', 24680053, 'dummy'),
('CustomerDefault1', 'RMZ ', 'Perungudi', 'CHN', 'TN', 'India', '6000113', 'INR', '0000-00-00', '0000-00-00', '0000-00-00', '0000-00-00', 'Active', 24680054, 'dummy'),
('CustomerDefault1', 'RMZ ', 'Perungudi', 'CHN', 'TN', 'India', '6000113', 'INR', '0000-00-00', '0000-00-00', '0000-00-00', '0000-00-00', 'Active', 24680055, 'dummy'),
('CustomerDefault1', 'RMZ ', 'Perungudi', 'CHN', 'TN', 'India', '6000113', 'INR', '0000-00-00', '0000-00-00', '0000-00-00', '0000-00-00', 'Active', 24680056, 'dummy'),
('CustomerDefault1', 'RMZ ', 'Perungudi', 'CHN', 'TN', 'India', '6000113', 'INR', '0000-00-00', '0000-00-00', '0000-00-00', '0000-00-00', 'Active', 24680057, 'dummy'),
('CustomerDefault1', 'RMZ ', 'Perungudi', 'CHN', 'TN', 'India', '6000113', 'INR', '0000-00-00', '0000-00-00', '0000-00-00', '0000-00-00', 'Active', 24680058, 'dummy'),
('CustomerDefault1', 'RMZ ', 'Perungudi', 'CHN', 'TN', 'India', '6000113', 'INR', '0000-00-00', '0000-00-00', '0000-00-00', '0000-00-00', 'Active', 24680059, 'dummy'),
('CustomerDefault1', 'RMZ ', 'Perungudi', 'CHN', 'TN', 'India', '6000113', 'INR', '0000-00-00', '0000-00-00', '0000-00-00', '0000-00-00', 'Active', 24680060, 'dummy'),
('CustomerDefault1', 'RMZ ', 'Perungudi', 'CHN', 'TN', 'India', '6000113', 'INR', '0000-00-00', '0000-00-00', '0000-00-00', '0000-00-00', 'Active', 24680061, 'dummy'),
('CustomerDefault1', 'RMZ ', 'Perungudi', 'CHN', 'TN', 'India', '6000113', 'INR', '0000-00-00', '0000-00-00', '0000-00-00', '0000-00-00', 'Active', 24680062, 'dummy'),
('CustomerDefault1', 'RMZ ', 'Perungudi', 'CHN', 'TN', 'India', '6000113', 'INR', '0000-00-00', '0000-00-00', '0000-00-00', '0000-00-00', 'Active', 24680063, 'dummy'),
('CustomerDefault1', 'RMZ ', 'Perungudi', 'CHN', 'TN', 'India', '6000113', 'INR', '0000-00-00', '0000-00-00', '0000-00-00', '0000-00-00', 'Active', 24680064, 'dummy'),
('CustomerDefault1', 'RMZ ', 'Perungudi', 'CHN', 'TN', 'India', '6000113', 'INR', '0000-00-00', '0000-00-00', '0000-00-00', '0000-00-00', 'Active', 24680065, 'dummy'),
('CustomerDefault1', 'RMZ ', 'Perungudi', 'CHN', 'TN', 'India', '6000113', 'INR', '0000-00-00', '0000-00-00', '0000-00-00', '0000-00-00', 'Active', 24680066, 'dummy'),
('CustomerDefault1', 'RMZ ', 'Perungudi', 'CHN', 'TN', 'India', '6000113', 'INR', '0000-00-00', '0000-00-00', '0000-00-00', '0000-00-00', 'Active', 24680067, 'dummy'),
('CustomerDefault1', 'RMZ ', 'Perungudi', 'CHN', 'TN', 'India', '6000113', 'INR', '0000-00-00', '0000-00-00', '0000-00-00', '0000-00-00', 'Active', 24680068, 'dummy'),
('CustomerDefault1', 'RMZ ', 'Perungudi', 'CHN', 'TN', 'India', '6000113', 'INR', '0000-00-00', '0000-00-00', '0000-00-00', '0000-00-00', 'Active', 24680069, 'dummy'),
('CustomerDefault1', 'RMZ ', 'Perungudi', 'CHN', 'TN', 'India', '6000113', 'INR', '0000-00-00', '0000-00-00', '0000-00-00', '0000-00-00', 'Active', 24680070, 'dummy'),
('CustomerDefault1', 'RMZ ', 'Perungudi', 'CHN', 'TN', 'India', '6000113', 'INR', '0000-00-00', '0000-00-00', '0000-00-00', '0000-00-00', 'Active', 24680071, 'dummy'),
('CustomerDefault1', 'RMZ ', 'Perungudi', 'CHN', 'TN', 'India', '6000113', 'INR', '0000-00-00', '0000-00-00', '0000-00-00', '0000-00-00', 'Active', 24680072, 'dummy'),
('CustomerDefault1', 'RMZ ', 'Perungudi', 'CHN', 'TN', 'India', '6000113', 'INR', '0000-00-00', '0000-00-00', '0000-00-00', '0000-00-00', 'Active', 24680073, 'dummy'),
('CustomerDefault1', 'RMZ ', 'Perungudi', 'CHN', 'TN', 'India', '6000113', 'INR', '0000-00-00', '0000-00-00', '0000-00-00', '0000-00-00', 'Active', 24680074, 'dummy'),
('CustomerDefault1', 'RMZ ', 'Perungudi', 'CHN', 'TN', 'India', '6000113', 'INR', '0000-00-00', '0000-00-00', '0000-00-00', '0000-00-00', 'Active', 24680075, 'dummy'),
('CustomerDefault1', 'RMZ ', 'Perungudi', 'CHN', 'TN', 'India', '6000113', 'INR', '0000-00-00', '0000-00-00', '0000-00-00', '0000-00-00', 'Active', 24680076, 'dummy'),
('CustomerDefault1', 'RMZ ', 'Perungudi', 'CHN', 'TN', 'India', '6000113', 'INR', '0000-00-00', '0000-00-00', '0000-00-00', '0000-00-00', 'Active', 24680077, 'dummy'),
('CustomerDefault1', 'RMZ ', 'Perungudi', 'CHN', 'TN', 'India', '6000113', 'INR', '0000-00-00', '0000-00-00', '0000-00-00', '0000-00-00', 'Active', 24680078, 'dummy'),
('CustomerDefault1', 'RMZ ', 'Perungudi', 'CHN', 'TN', 'India', '6000113', 'INR', '0000-00-00', '0000-00-00', '0000-00-00', '0000-00-00', 'Active', 24680079, 'dummy'),
('CustomerDefault1', 'RMZ ', 'Perungudi', 'CHN', 'TN', 'India', '6000113', 'INR', '0000-00-00', '0000-00-00', '0000-00-00', '0000-00-00', 'Active', 24680080, 'dummy'),
('CustomerDefault1', 'RMZ ', 'Perungudi', 'CHN', 'TN', 'India', '6000113', 'INR', '0000-00-00', '0000-00-00', '0000-00-00', '0000-00-00', 'Active', 24680081, 'dummy'),
('CustomerDefault1', 'RMZ ', 'Perungudi', 'CHN', 'TN', 'India', '6000113', 'INR', '0000-00-00', '0000-00-00', '0000-00-00', '0000-00-00', 'Active', 24680082, 'dummy'),
('CustomerDefault1', 'RMZ ', 'Perungudi', 'CHN', 'TN', 'India', '6000113', 'INR', '0000-00-00', '0000-00-00', '0000-00-00', '0000-00-00', 'Active', 24680083, 'dummy'),
('CustomerDefault1', 'RMZ ', 'Perungudi', 'CHN', 'TN', 'India', '6000113', 'INR', '0000-00-00', '0000-00-00', '0000-00-00', '0000-00-00', 'Active', 24680084, 'dummy'),
('CustomerDefault1', 'RMZ ', 'Perungudi', 'CHN', 'TN', 'India', '6000113', 'INR', '0000-00-00', '0000-00-00', '0000-00-00', '0000-00-00', 'Active', 24680085, 'dummy'),
('CustomerDefault1', 'RMZ ', 'Perungudi', 'CHN', 'TN', 'India', '6000113', 'INR', '0000-00-00', '0000-00-00', '0000-00-00', '0000-00-00', 'Active', 24680086, 'dummy'),
('CustomerDefault1', 'RMZ ', 'Perungudi', 'CHN', 'TN', 'India', '6000113', 'INR', '0000-00-00', '0000-00-00', '0000-00-00', '0000-00-00', 'Active', 24680087, 'dummy'),
('CustomerDefault1', 'RMZ ', 'Perungudi', 'CHN', 'TN', 'India', '6000113', 'INR', '0000-00-00', '0000-00-00', '0000-00-00', '0000-00-00', 'Active', 24680088, 'dummy'),
('CustomerDefault1', 'RMZ ', 'Perungudi', 'CHN', 'TN', 'India', '6000113', 'INR', '0000-00-00', '0000-00-00', '0000-00-00', '0000-00-00', 'Active', 24680089, 'dummy'),
('CustomerDefault1', 'RMZ ', 'Perungudi', 'CHN', 'TN', 'India', '6000113', 'INR', '0000-00-00', '0000-00-00', '0000-00-00', '0000-00-00', 'Active', 24680090, 'dummy'),
('CustomerDefault1', 'RMZ ', 'Perungudi', 'CHN', 'TN', 'India', '6000113', 'INR', '0000-00-00', '0000-00-00', '0000-00-00', '0000-00-00', 'Active', 24680091, 'dummy'),
('CustomerDefault1', 'RMZ ', 'Perungudi', 'CHN', 'TN', 'India', '6000113', 'INR', '0000-00-00', '0000-00-00', '0000-00-00', '0000-00-00', 'Active', 24680092, 'dummy'),
('CustomerDefault1', 'RMZ ', 'Perungudi', 'CHN', 'TN', 'India', '6000113', 'INR', '0000-00-00', '0000-00-00', '0000-00-00', '0000-00-00', 'Active', 24680093, 'dummy'),
('CustomerDefault1', 'RMZ ', 'Perungudi', 'CHN', 'TN', 'India', '6000113', 'INR', '0000-00-00', '0000-00-00', '0000-00-00', '0000-00-00', 'Active', 24680094, 'dummy'),
('CustomerDefault1', 'RMZ ', 'Perungudi', 'CHN', 'TN', 'India', '6000113', 'INR', '0000-00-00', '0000-00-00', '0000-00-00', '0000-00-00', 'Active', 24680095, 'dummy'),
('CustomerDefault1', 'RMZ ', 'Perungudi', 'CHN', 'TN', 'India', '6000113', 'INR', '0000-00-00', '0000-00-00', '0000-00-00', '0000-00-00', 'Active', 24680096, 'dummy'),
('CustomerDefault1', 'RMZ ', 'Perungudi', 'CHN', 'TN', 'India', '6000113', 'INR', '0000-00-00', '0000-00-00', '0000-00-00', '0000-00-00', 'Active', 24680097, 'dummy'),
('CustomerDefault1', 'RMZ ', 'Perungudi', 'CHN', 'TN', 'India', '6000113', 'INR', '0000-00-00', '0000-00-00', '0000-00-00', '0000-00-00', 'Active', 24680098, 'dummy'),
('CustomerDefault1', 'RMZ ', 'Perungudi', 'CHN', 'TN', 'India', '6000113', 'INR', '0000-00-00', '0000-00-00', '0000-00-00', '0000-00-00', 'Active', 24680099, 'dummy'),
('CustomerDefault1', 'RMZ ', 'Perungudi', 'CHN', 'TN', 'India', '6000113', 'INR', '0000-00-00', '0000-00-00', '0000-00-00', '0000-00-00', 'Active', 24680100, 'dummy'),
('Arun', 'Velachery', 'No 11 Peeli Amman Koil St,', 'Chennai', 'Tamilnadu', 'Default Country', '600113', 'INR', '0000-00-00', '0000-00-00', '0000-00-00', '2015-07-09', 'Active', 24680101, 'arun'),
('vishnu', 'pradeep', 'hdasjhdjh', 'hasdjfhasjdh', 'qhjadfhaj', 'Default Country', '123211', 'INR', '0000-00-00', '0000-00-00', '0000-00-00', NULL, 'Active', 24680102, 'vishnu'),
('DummyInsert', 'bdkasdaksj', 'dkjdjas', 'djashjk', 'jkjdasj', 'Default Country', '432145', 'inr', '2015-07-16', '0000-00-00', '0000-00-00', NULL, 'Active', 24680103, 'dummy');

-- --------------------------------------------------------

--
-- Table structure for table `equipment`
--

CREATE TABLE IF NOT EXISTS `equipment` (
  `EquipmentId` int(11) NOT NULL,
  `AccountId` int(11) NOT NULL,
  `EquipmentType` varchar(100) COLLATE utf8_bin NOT NULL,
  `InstanceId` int(11) DEFAULT NULL,
  `Status` varchar(20) COLLATE utf8_bin NOT NULL DEFAULT 'Active'
) ENGINE=InnoDB AUTO_INCREMENT=24680101 DEFAULT CHARSET=utf8 COLLATE=utf8_bin;

--
-- Dumping data for table `equipment`
--

INSERT INTO `equipment` (`EquipmentId`, `AccountId`, `EquipmentType`, `InstanceId`, `Status`) VALUES
(24680001, 24680001, '', NULL, 'Active'),
(24680002, 24680002, '', NULL, 'Active'),
(24680003, 24680003, '', NULL, 'Active'),
(24680004, 24680004, '', NULL, 'Active'),
(24680005, 24680005, '', NULL, 'Active'),
(24680006, 24680006, '', NULL, 'Active'),
(24680007, 24680007, '', NULL, 'Active'),
(24680008, 24680008, '', NULL, 'Active'),
(24680009, 24680009, '', NULL, 'Active'),
(24680010, 24680010, '', NULL, 'Active'),
(24680011, 24680011, '', NULL, 'Active'),
(24680012, 24680012, '', NULL, 'Active'),
(24680013, 24680013, '', NULL, 'Active'),
(24680014, 24680014, '', NULL, 'Active'),
(24680015, 24680015, '', NULL, 'Active'),
(24680016, 24680016, '', NULL, 'Active'),
(24680017, 24680017, '', NULL, 'Active'),
(24680018, 24680018, '', NULL, 'Active'),
(24680019, 24680019, '', NULL, 'Active'),
(24680020, 24680020, '', NULL, 'Active'),
(24680021, 24680021, '', NULL, 'Active'),
(24680022, 24680022, '', NULL, 'Active'),
(24680023, 24680023, '', NULL, 'Active'),
(24680024, 24680024, '', NULL, 'Active'),
(24680025, 24680025, '', NULL, 'Active'),
(24680026, 24680026, '', NULL, 'Active'),
(24680027, 24680027, '', NULL, 'Active'),
(24680028, 24680028, '', NULL, 'Active'),
(24680029, 24680029, '', NULL, 'Active'),
(24680030, 24680030, '', NULL, 'Active'),
(24680031, 24680031, '', NULL, 'Active'),
(24680032, 24680032, '', NULL, 'Active'),
(24680033, 24680033, '', NULL, 'Active'),
(24680034, 24680034, '', NULL, 'Active'),
(24680035, 24680035, '', NULL, 'Active'),
(24680036, 24680036, '', NULL, 'Active'),
(24680037, 24680037, '', NULL, 'Active'),
(24680038, 24680038, '', NULL, 'Active'),
(24680039, 24680039, '', NULL, 'Active'),
(24680040, 24680040, '', NULL, 'Active'),
(24680041, 24680041, '', NULL, 'Active'),
(24680042, 24680042, '', NULL, 'Active'),
(24680043, 24680043, '', NULL, 'Active'),
(24680044, 24680044, '', NULL, 'Active'),
(24680045, 24680045, '', NULL, 'Active'),
(24680046, 24680046, '', NULL, 'Active'),
(24680047, 24680047, '', NULL, 'Active'),
(24680048, 24680048, '', NULL, 'Active'),
(24680049, 24680049, '', NULL, 'Active'),
(24680050, 24680050, '', NULL, 'Active'),
(24680051, 24680051, '', NULL, 'Active'),
(24680052, 24680052, '', NULL, 'Active'),
(24680053, 24680053, '', NULL, 'Active'),
(24680054, 24680054, '', NULL, 'Active'),
(24680055, 24680055, '', NULL, 'Active'),
(24680056, 24680056, '', NULL, 'Active'),
(24680057, 24680057, '', NULL, 'Active'),
(24680058, 24680058, '', NULL, 'Active'),
(24680059, 24680059, '', NULL, 'Active'),
(24680060, 24680060, '', NULL, 'Active'),
(24680061, 24680061, '', NULL, 'Active'),
(24680062, 24680062, '', NULL, 'Active'),
(24680063, 24680063, '', NULL, 'Active'),
(24680064, 24680064, '', NULL, 'Active'),
(24680065, 24680065, '', NULL, 'Active'),
(24680066, 24680066, '', NULL, 'Active'),
(24680067, 24680067, '', NULL, 'Active'),
(24680068, 24680068, '', NULL, 'Active'),
(24680069, 24680069, '', NULL, 'Active'),
(24680070, 24680070, '', NULL, 'Active'),
(24680071, 24680071, '', NULL, 'Active'),
(24680072, 24680072, '', NULL, 'Active'),
(24680073, 24680073, '', NULL, 'Active'),
(24680074, 24680074, '', NULL, 'Active'),
(24680075, 24680075, '', NULL, 'Active'),
(24680076, 24680076, '', NULL, 'Active'),
(24680077, 24680077, '', NULL, 'Active'),
(24680078, 24680078, '', NULL, 'Active'),
(24680079, 24680079, '', NULL, 'Active'),
(24680080, 24680080, '', NULL, 'Active'),
(24680081, 24680081, '', NULL, 'Active'),
(24680082, 24680082, '', NULL, 'Active'),
(24680083, 24680083, '', NULL, 'Active'),
(24680084, 24680084, '', NULL, 'Active'),
(24680085, 24680085, '', NULL, 'Active'),
(24680086, 24680086, '', NULL, 'Active'),
(24680087, 24680087, '', NULL, 'Active'),
(24680088, 24680088, '', NULL, 'Active'),
(24680089, 24680089, '', NULL, 'Active'),
(24680090, 24680090, '', NULL, 'Active'),
(24680091, 24680091, '', NULL, 'Active'),
(24680092, 24680092, '', NULL, 'Active'),
(24680093, 24680093, '', NULL, 'Active'),
(24680094, 24680094, '', NULL, 'Active'),
(24680095, 24680095, '', NULL, 'Active'),
(24680096, 24680096, '', NULL, 'Active'),
(24680097, 24680097, '', NULL, 'Active'),
(24680098, 24680098, '', NULL, 'Active'),
(24680099, 24680099, '', NULL, 'Active'),
(24680100, 24680100, '', NULL, 'Active');

-- --------------------------------------------------------

--
-- Table structure for table `invoice`
--

CREATE TABLE IF NOT EXISTS `invoice` (
  `InvoiceId` int(11) NOT NULL,
  `InvoiceDate` date NOT NULL,
  `InvoiceAmount` decimal(16,6) NOT NULL,
  `PaymentDueDate` date NOT NULL,
  `AccountId` int(11) NOT NULL,
  `InvoicePages` blob
) ENGINE=InnoDB AUTO_INCREMENT=484 DEFAULT CHARSET=utf8 COLLATE=utf8_bin;

--
-- Dumping data for table `invoice`
--

INSERT INTO `invoice` (`InvoiceId`, `InvoiceDate`, `InvoiceAmount`, `PaymentDueDate`, `AccountId`, `InvoicePages`) VALUES
(257, '2016-09-30', '5017.100000', '2016-10-15', 24680001, NULL),
(258, '2016-09-30', '5029.200000', '2016-10-15', 24680002, NULL),
(259, '2016-09-30', '5041.300000', '2016-10-15', 24680003, NULL),
(260, '2016-09-30', '5053.400000', '2016-10-15', 24680004, NULL),
(261, '2016-09-30', '5065.500000', '2016-10-15', 24680005, NULL),
(262, '2016-09-30', '5077.600000', '2016-10-15', 24680006, NULL),
(263, '2016-09-30', '5089.700000', '2016-10-15', 24680007, NULL),
(264, '2016-09-30', '5101.800000', '2016-10-15', 24680008, NULL),
(265, '2016-09-30', '5113.900000', '2016-10-15', 24680009, NULL),
(266, '2016-09-30', '5126.000000', '2016-10-15', 24680010, NULL),
(267, '2016-09-30', '5138.100000', '2016-10-15', 24680011, NULL),
(268, '2016-09-30', '5150.200000', '2016-10-15', 24680012, NULL),
(269, '2016-09-30', '5162.300000', '2016-10-15', 24680013, NULL),
(270, '2016-09-30', '5174.400000', '2016-10-15', 24680014, NULL),
(271, '2016-09-30', '5186.500000', '2016-10-15', 24680015, NULL),
(272, '2016-09-30', '5198.600000', '2016-10-15', 24680016, NULL),
(273, '2016-09-30', '5210.700000', '2016-10-15', 24680017, NULL),
(274, '2016-09-30', '5222.800000', '2016-10-15', 24680018, NULL),
(275, '2016-09-30', '5234.900000', '2016-10-15', 24680019, NULL),
(276, '2016-09-30', '5247.000000', '2016-10-15', 24680020, NULL),
(277, '2016-09-30', '5259.100000', '2016-10-15', 24680021, NULL),
(278, '2016-09-30', '5271.200000', '2016-10-15', 24680022, NULL),
(279, '2016-09-30', '5283.300000', '2016-10-15', 24680023, NULL),
(280, '2016-09-30', '5295.400000', '2016-10-15', 24680024, NULL),
(281, '2016-09-30', '5307.500000', '2016-10-15', 24680025, NULL),
(282, '2016-09-30', '5319.600000', '2016-10-15', 24680026, NULL),
(283, '2016-09-30', '5331.700000', '2016-10-15', 24680027, NULL),
(284, '2016-09-30', '5343.800000', '2016-10-15', 24680028, NULL),
(285, '2016-09-30', '5355.900000', '2016-10-15', 24680029, NULL),
(286, '2016-09-30', '5368.000000', '2016-10-15', 24680030, NULL),
(287, '2016-09-30', '5380.100000', '2016-10-15', 24680031, NULL),
(288, '2016-09-30', '5392.200000', '2016-10-15', 24680032, NULL),
(289, '2016-09-30', '5404.300000', '2016-10-15', 24680033, NULL),
(290, '2016-09-30', '5416.400000', '2016-10-15', 24680034, NULL),
(291, '2016-09-30', '5428.500000', '2016-10-15', 24680035, NULL),
(292, '2016-09-30', '5440.600000', '2016-10-15', 24680036, NULL),
(293, '2016-09-30', '5452.700000', '2016-10-15', 24680037, NULL),
(294, '2016-09-30', '5464.800000', '2016-10-15', 24680038, NULL),
(295, '2016-09-30', '5476.900000', '2016-10-15', 24680039, NULL),
(296, '2016-09-30', '5489.000000', '2016-10-15', 24680040, NULL),
(297, '2016-09-30', '5501.100000', '2016-10-15', 24680041, NULL),
(298, '2016-09-30', '5513.200000', '2016-10-15', 24680042, NULL),
(299, '2016-09-30', '5525.300000', '2016-10-15', 24680043, NULL),
(300, '2016-09-30', '5537.400000', '2016-10-15', 24680044, NULL),
(301, '2016-09-30', '5549.500000', '2016-10-15', 24680045, NULL),
(302, '2016-09-30', '5561.600000', '2016-10-15', 24680046, NULL),
(303, '2016-09-30', '5573.700000', '2016-10-15', 24680047, NULL),
(304, '2016-09-30', '5585.800000', '2016-10-15', 24680048, NULL),
(305, '2016-09-30', '5597.900000', '2016-10-15', 24680049, NULL),
(306, '2016-09-30', '5610.000000', '2016-10-15', 24680050, NULL),
(307, '2016-09-30', '5622.100000', '2016-10-15', 24680051, NULL),
(308, '2016-09-30', '5634.200000', '2016-10-15', 24680052, NULL),
(309, '2016-09-30', '5646.300000', '2016-10-15', 24680053, NULL),
(310, '2016-09-30', '5658.400000', '2016-10-15', 24680054, NULL),
(311, '2016-09-30', '5670.500000', '2016-10-15', 24680055, NULL),
(312, '2016-09-30', '5682.600000', '2016-10-15', 24680056, NULL),
(313, '2016-09-30', '5694.700000', '2016-10-15', 24680057, NULL),
(314, '2016-09-30', '5706.800000', '2016-10-15', 24680058, NULL),
(315, '2016-09-30', '5718.900000', '2016-10-15', 24680059, NULL),
(316, '2016-09-30', '5731.000000', '2016-10-15', 24680060, NULL),
(317, '2016-09-30', '5743.100000', '2016-10-15', 24680061, NULL),
(318, '2016-09-30', '5755.200000', '2016-10-15', 24680062, NULL),
(319, '2016-09-30', '5767.300000', '2016-10-15', 24680063, NULL),
(320, '2016-09-30', '5779.400000', '2016-10-15', 24680064, NULL),
(321, '2016-09-30', '5791.500000', '2016-10-15', 24680065, NULL),
(322, '2016-09-30', '5803.600000', '2016-10-15', 24680066, NULL),
(323, '2016-09-30', '5815.700000', '2016-10-15', 24680067, NULL),
(324, '2016-09-30', '5827.800000', '2016-10-15', 24680068, NULL),
(325, '2016-09-30', '5839.900000', '2016-10-15', 24680069, NULL),
(326, '2016-09-30', '5852.000000', '2016-10-15', 24680070, NULL),
(327, '2016-09-30', '5864.100000', '2016-10-15', 24680071, NULL),
(328, '2016-09-30', '5876.200000', '2016-10-15', 24680072, NULL),
(329, '2016-09-30', '5888.300000', '2016-10-15', 24680073, NULL),
(330, '2016-09-30', '5900.400000', '2016-10-15', 24680074, NULL),
(331, '2016-09-30', '5912.500000', '2016-10-15', 24680075, NULL),
(332, '2016-09-30', '5924.600000', '2016-10-15', 24680076, NULL),
(333, '2016-09-30', '5936.700000', '2016-10-15', 24680077, NULL),
(334, '2016-09-30', '5948.800000', '2016-10-15', 24680078, NULL),
(335, '2016-09-30', '5960.900000', '2016-10-15', 24680079, NULL),
(336, '2016-09-30', '5973.000000', '2016-10-15', 24680080, NULL),
(337, '2016-09-30', '5985.100000', '2016-10-15', 24680081, NULL),
(338, '2016-09-30', '5997.200000', '2016-10-15', 24680082, NULL),
(339, '2016-09-30', '6009.300000', '2016-10-15', 24680083, NULL),
(340, '2016-09-30', '6021.400000', '2016-10-15', 24680084, NULL),
(341, '2016-09-30', '6033.500000', '2016-10-15', 24680085, NULL),
(342, '2016-09-30', '6045.600000', '2016-10-15', 24680086, NULL),
(343, '2016-09-30', '6057.700000', '2016-10-15', 24680087, NULL),
(344, '2016-09-30', '6069.800000', '2016-10-15', 24680088, NULL),
(345, '2016-09-30', '6081.900000', '2016-10-15', 24680089, NULL),
(346, '2016-09-30', '6094.000000', '2016-10-15', 24680090, NULL),
(347, '2016-09-30', '6106.100000', '2016-10-15', 24680091, NULL),
(348, '2015-07-31', '5017.100000', '2015-08-15', 24680001, NULL),
(349, '2015-07-31', '5029.200000', '2015-08-15', 24680002, NULL),
(350, '2015-07-31', '5041.300000', '2015-08-15', 24680003, NULL),
(351, '2015-07-31', '5053.400000', '2015-08-15', 24680004, NULL),
(352, '2015-07-31', '5065.500000', '2015-08-15', 24680005, NULL),
(353, '2015-07-31', '5077.600000', '2015-08-15', 24680006, NULL),
(354, '2015-07-31', '5017.100000', '2015-08-15', 24680001, NULL),
(355, '2015-07-31', '5029.200000', '2015-08-15', 24680002, NULL),
(356, '2015-07-31', '5041.300000', '2015-08-15', 24680003, NULL),
(357, '2015-07-31', '5053.400000', '2015-08-15', 24680004, NULL),
(358, '2015-07-31', '5065.500000', '2015-08-15', 24680005, NULL),
(359, '2015-07-31', '5077.600000', '2015-08-15', 24680006, NULL),
(360, '2015-09-30', '5017.100000', '2015-10-15', 24680001, NULL),
(361, '2015-09-30', '5029.200000', '2015-10-15', 24680002, NULL),
(362, '2015-09-30', '5041.300000', '2015-10-15', 24680003, NULL),
(363, '2015-09-30', '5053.400000', '2015-10-15', 24680004, NULL),
(364, '2015-09-30', '5065.500000', '2015-10-15', 24680005, NULL),
(365, '2015-09-30', '5077.600000', '2015-10-15', 24680006, NULL),
(366, '2015-09-30', '5089.700000', '2015-10-15', 24680007, NULL),
(367, '2015-09-30', '5101.800000', '2015-10-15', 24680008, NULL),
(368, '2015-09-30', '5113.900000', '2015-10-15', 24680009, NULL),
(369, '2015-09-30', '5126.000000', '2015-10-15', 24680010, NULL),
(370, '2015-09-30', '5138.100000', '2015-10-15', 24680011, NULL),
(371, '2015-09-30', '5150.200000', '2015-10-15', 24680012, NULL),
(372, '2015-09-30', '5162.300000', '2015-10-15', 24680013, NULL),
(373, '2015-09-30', '5174.400000', '2015-10-15', 24680014, NULL),
(374, '2015-09-30', '5186.500000', '2015-10-15', 24680015, NULL),
(375, '2015-09-30', '5198.600000', '2015-10-15', 24680016, NULL),
(376, '2015-09-30', '5210.700000', '2015-10-15', 24680017, NULL),
(377, '2015-09-30', '5222.800000', '2015-10-15', 24680018, NULL),
(378, '2015-07-31', '5017.100000', '2015-08-15', 24680001, NULL),
(379, '2015-07-31', '5029.200000', '2015-08-15', 24680002, NULL),
(380, '2015-07-31', '5041.300000', '2015-08-15', 24680003, NULL),
(381, '2015-07-31', '5053.400000', '2015-08-15', 24680004, NULL),
(382, '2015-07-31', '5065.500000', '2015-08-15', 24680005, NULL),
(383, '2015-07-31', '5077.600000', '2015-08-15', 24680006, NULL),
(384, '2017-12-30', '5017.100000', '2018-01-14', 24680001, NULL),
(385, '2017-12-30', '5029.200000', '2018-01-14', 24680002, NULL),
(386, '2017-12-30', '5041.300000', '2018-01-14', 24680003, NULL),
(387, '2017-12-30', '5053.400000', '2018-01-14', 24680004, NULL),
(388, '2017-12-30', '5065.500000', '2018-01-14', 24680005, NULL),
(389, '2017-12-30', '5077.600000', '2018-01-14', 24680006, NULL),
(390, '2017-12-30', '5089.700000', '2018-01-14', 24680007, NULL),
(391, '2017-12-30', '5101.800000', '2018-01-14', 24680008, NULL),
(392, '2017-12-30', '5113.900000', '2018-01-14', 24680009, NULL),
(393, '2017-12-30', '5126.000000', '2018-01-14', 24680010, NULL),
(394, '2017-12-30', '5138.100000', '2018-01-14', 24680011, NULL),
(395, '2017-12-30', '5150.200000', '2018-01-14', 24680012, NULL),
(396, '2017-12-30', '5162.300000', '2018-01-14', 24680013, NULL),
(397, '2017-12-30', '5174.400000', '2018-01-14', 24680014, NULL),
(398, '2017-12-30', '5186.500000', '2018-01-14', 24680015, NULL),
(399, '2017-12-30', '5198.600000', '2018-01-14', 24680016, NULL),
(400, '2017-12-30', '5210.700000', '2018-01-14', 24680017, NULL),
(401, '2017-12-30', '5222.800000', '2018-01-14', 24680018, NULL),
(402, '2017-12-30', '5234.900000', '2018-01-14', 24680019, NULL),
(403, '2017-12-30', '5247.000000', '2018-01-14', 24680020, NULL),
(404, '2017-12-30', '5259.100000', '2018-01-14', 24680021, NULL),
(405, '2017-12-30', '5271.200000', '2018-01-14', 24680022, NULL),
(406, '2017-12-30', '5283.300000', '2018-01-14', 24680023, NULL),
(407, '2017-12-30', '5295.400000', '2018-01-14', 24680024, NULL),
(408, '2017-12-30', '5307.500000', '2018-01-14', 24680025, NULL),
(409, '2017-12-30', '5319.600000', '2018-01-14', 24680026, NULL),
(410, '2017-12-30', '5331.700000', '2018-01-14', 24680027, NULL),
(411, '2017-12-30', '5343.800000', '2018-01-14', 24680028, NULL),
(412, '2017-12-30', '5355.900000', '2018-01-14', 24680029, NULL),
(413, '2017-12-30', '5368.000000', '2018-01-14', 24680030, NULL),
(414, '2017-12-30', '5380.100000', '2018-01-14', 24680031, NULL),
(415, '2017-12-30', '5392.200000', '2018-01-14', 24680032, NULL),
(416, '2017-12-30', '5404.300000', '2018-01-14', 24680033, NULL),
(417, '2017-12-30', '5416.400000', '2018-01-14', 24680034, NULL),
(418, '2017-12-30', '5428.500000', '2018-01-14', 24680035, NULL),
(419, '2017-12-30', '5440.600000', '2018-01-14', 24680036, NULL),
(420, '2017-12-30', '5452.700000', '2018-01-14', 24680037, NULL),
(421, '2017-12-30', '5464.800000', '2018-01-14', 24680038, NULL),
(422, '2017-12-30', '5476.900000', '2018-01-14', 24680039, NULL),
(423, '2017-12-30', '5489.000000', '2018-01-14', 24680040, NULL),
(424, '2017-12-30', '5501.100000', '2018-01-14', 24680041, NULL),
(425, '2017-12-30', '5513.200000', '2018-01-14', 24680042, NULL),
(426, '2017-12-30', '5525.300000', '2018-01-14', 24680043, NULL),
(427, '2017-12-30', '5537.400000', '2018-01-14', 24680044, NULL),
(428, '2017-12-30', '5549.500000', '2018-01-14', 24680045, NULL),
(429, '2017-12-30', '5561.600000', '2018-01-14', 24680046, NULL),
(430, '2017-12-30', '5573.700000', '2018-01-14', 24680047, NULL),
(431, '2017-12-30', '5585.800000', '2018-01-14', 24680048, NULL),
(432, '2017-12-30', '5597.900000', '2018-01-14', 24680049, NULL),
(433, '2017-12-30', '5610.000000', '2018-01-14', 24680050, NULL),
(434, '2017-12-30', '5622.100000', '2018-01-14', 24680051, NULL),
(435, '2017-12-30', '5634.200000', '2018-01-14', 24680052, NULL),
(436, '2017-12-30', '5646.300000', '2018-01-14', 24680053, NULL),
(437, '2017-12-30', '5658.400000', '2018-01-14', 24680054, NULL),
(438, '2017-12-30', '5670.500000', '2018-01-14', 24680055, NULL),
(439, '2017-12-30', '5682.600000', '2018-01-14', 24680056, NULL),
(440, '2017-12-30', '5694.700000', '2018-01-14', 24680057, NULL),
(441, '2017-12-30', '5706.800000', '2018-01-14', 24680058, NULL),
(442, '2017-12-30', '5718.900000', '2018-01-14', 24680059, NULL),
(443, '2017-12-30', '5731.000000', '2018-01-14', 24680060, NULL),
(444, '2017-12-30', '5743.100000', '2018-01-14', 24680061, NULL),
(445, '2017-12-30', '5755.200000', '2018-01-14', 24680062, NULL),
(446, '2017-12-30', '5767.300000', '2018-01-14', 24680063, NULL),
(447, '2017-12-30', '5779.400000', '2018-01-14', 24680064, NULL),
(448, '2017-12-30', '5791.500000', '2018-01-14', 24680065, NULL),
(449, '2017-12-30', '5803.600000', '2018-01-14', 24680066, NULL),
(450, '2017-12-30', '5815.700000', '2018-01-14', 24680067, NULL),
(451, '2017-12-30', '5827.800000', '2018-01-14', 24680068, NULL),
(452, '2017-12-30', '5839.900000', '2018-01-14', 24680069, NULL),
(453, '2017-12-30', '5852.000000', '2018-01-14', 24680070, NULL),
(454, '2017-12-30', '5864.100000', '2018-01-14', 24680071, NULL),
(455, '2017-12-30', '5876.200000', '2018-01-14', 24680072, NULL),
(456, '2017-12-30', '5888.300000', '2018-01-14', 24680073, NULL),
(457, '2017-12-30', '5900.400000', '2018-01-14', 24680074, NULL),
(458, '2017-12-30', '5912.500000', '2018-01-14', 24680075, NULL),
(459, '2017-12-30', '5924.600000', '2018-01-14', 24680076, NULL),
(460, '2017-12-30', '5936.700000', '2018-01-14', 24680077, NULL),
(461, '2017-12-30', '5948.800000', '2018-01-14', 24680078, NULL),
(462, '2017-12-30', '5960.900000', '2018-01-14', 24680079, NULL),
(463, '2017-12-30', '5973.000000', '2018-01-14', 24680080, NULL),
(464, '2017-12-30', '5985.100000', '2018-01-14', 24680081, NULL),
(465, '2017-12-30', '5997.200000', '2018-01-14', 24680082, NULL),
(466, '2017-12-30', '6009.300000', '2018-01-14', 24680083, NULL),
(467, '2017-12-30', '6021.400000', '2018-01-14', 24680084, NULL),
(468, '2017-12-30', '6033.500000', '2018-01-14', 24680085, NULL),
(469, '2017-12-30', '6045.600000', '2018-01-14', 24680086, NULL),
(470, '2017-12-30', '6057.700000', '2018-01-14', 24680087, NULL),
(471, '2017-12-30', '6069.800000', '2018-01-14', 24680088, NULL),
(472, '2017-12-30', '6081.900000', '2018-01-14', 24680089, NULL),
(473, '2017-12-30', '6094.000000', '2018-01-14', 24680090, NULL),
(474, '2017-12-30', '6106.100000', '2018-01-14', 24680091, NULL),
(475, '2017-12-30', '6118.200000', '2018-01-14', 24680092, NULL),
(476, '2017-12-30', '6130.300000', '2018-01-14', 24680093, NULL),
(477, '2017-12-30', '6142.400000', '2018-01-14', 24680094, NULL),
(478, '2017-12-30', '6154.500000', '2018-01-14', 24680095, NULL),
(479, '2017-12-30', '6166.600000', '2018-01-14', 24680096, NULL),
(480, '2017-12-30', '6178.700000', '2018-01-14', 24680097, NULL),
(481, '2017-12-30', '6190.800000', '2018-01-14', 24680098, NULL),
(482, '2017-12-30', '6202.900000', '2018-01-14', 24680099, NULL),
(483, '2017-12-30', '6215.000000', '2018-01-14', 24680100, NULL);

-- --------------------------------------------------------

--
-- Table structure for table `ne_stage`
--

CREATE TABLE IF NOT EXISTS `ne_stage` (
  `Meter_id` int(20) NOT NULL,
  `StartDate` datetime NOT NULL,
  `endDate` datetime NOT NULL,
  `meter_start` int(11) NOT NULL,
  `meter_end` int(11) NOT NULL,
  `units_consumed` int(11) NOT NULL
) ENGINE=InnoDB DEFAULT CHARSET=utf8 COLLATE=utf8_bin;

--
-- Dumping data for table `ne_stage`
--

INSERT INTO `ne_stage` (`Meter_id`, `StartDate`, `endDate`, `meter_start`, `meter_end`, `units_consumed`) VALUES
(24680001, '2015-07-03 00:00:00', '9999-12-31 00:00:00', 1001, 2003, 1002),
(24680002, '2015-07-08 00:00:00', '9999-12-31 00:00:00', 1002, 2006, 1004),
(24680003, '2015-07-13 00:00:00', '9999-12-31 00:00:00', 1003, 2009, 1006),
(24680004, '2015-07-18 00:00:00', '9999-12-31 00:00:00', 1004, 2012, 1008),
(24680005, '2015-07-23 00:00:00', '9999-12-31 00:00:00', 1005, 2015, 1010),
(24680006, '2015-07-28 00:00:00', '9999-12-31 00:00:00', 1006, 2018, 1012),
(24680007, '2015-08-02 00:00:00', '9999-12-31 00:00:00', 1007, 2021, 1014),
(24680008, '2015-08-07 00:00:00', '9999-12-31 00:00:00', 1008, 2024, 1016),
(24680009, '2015-08-12 00:00:00', '9999-12-31 00:00:00', 1009, 2027, 1018),
(24680010, '2015-08-17 00:00:00', '9999-12-31 00:00:00', 1010, 2030, 1020),
(24680011, '2015-08-22 00:00:00', '9999-12-31 00:00:00', 1011, 2033, 1022),
(24680012, '2015-08-27 00:00:00', '9999-12-31 00:00:00', 1012, 2036, 1024),
(24680013, '2015-09-01 00:00:00', '9999-12-31 00:00:00', 1013, 2039, 1026),
(24680014, '2015-09-06 00:00:00', '9999-12-31 00:00:00', 1014, 2042, 1028),
(24680015, '2015-09-11 00:00:00', '9999-12-31 00:00:00', 1015, 2045, 1030),
(24680016, '2015-09-16 00:00:00', '9999-12-31 00:00:00', 1016, 2048, 1032),
(24680017, '2015-09-21 00:00:00', '9999-12-31 00:00:00', 1017, 2051, 1034),
(24680018, '2015-09-26 00:00:00', '9999-12-31 00:00:00', 1018, 2054, 1036),
(24680019, '2015-10-01 00:00:00', '9999-12-31 00:00:00', 1019, 2057, 1038),
(24680020, '2015-10-06 00:00:00', '9999-12-31 00:00:00', 1020, 2060, 1040),
(24680021, '2015-10-11 00:00:00', '9999-12-31 00:00:00', 1021, 2063, 1042),
(24680022, '2015-10-16 00:00:00', '9999-12-31 00:00:00', 1022, 2066, 1044),
(24680023, '2015-10-21 00:00:00', '9999-12-31 00:00:00', 1023, 2069, 1046),
(24680024, '2015-10-26 00:00:00', '9999-12-31 00:00:00', 1024, 2072, 1048),
(24680025, '2015-10-31 00:00:00', '9999-12-31 00:00:00', 1025, 2075, 1050),
(24680026, '2015-11-05 00:00:00', '9999-12-31 00:00:00', 1026, 2078, 1052),
(24680027, '2015-11-10 00:00:00', '9999-12-31 00:00:00', 1027, 2081, 1054),
(24680028, '2015-11-15 00:00:00', '9999-12-31 00:00:00', 1028, 2084, 1056),
(24680029, '2015-11-20 00:00:00', '9999-12-31 00:00:00', 1029, 2087, 1058),
(24680030, '2015-11-25 00:00:00', '9999-12-31 00:00:00', 1030, 2090, 1060),
(24680031, '2015-11-30 00:00:00', '9999-12-31 00:00:00', 1031, 2093, 1062),
(24680032, '2015-12-05 00:00:00', '9999-12-31 00:00:00', 1032, 2096, 1064),
(24680033, '2015-12-10 00:00:00', '9999-12-31 00:00:00', 1033, 2099, 1066),
(24680034, '2015-12-15 00:00:00', '9999-12-31 00:00:00', 1034, 2102, 1068),
(24680035, '2015-12-20 00:00:00', '9999-12-31 00:00:00', 1035, 2105, 1070),
(24680036, '2015-12-25 00:00:00', '9999-12-31 00:00:00', 1036, 2108, 1072),
(24680037, '2015-12-30 00:00:00', '9999-12-31 00:00:00', 1037, 2111, 1074),
(24680038, '2016-01-04 00:00:00', '9999-12-31 00:00:00', 1038, 2114, 1076),
(24680039, '2016-01-09 00:00:00', '9999-12-31 00:00:00', 1039, 2117, 1078),
(24680040, '2016-01-14 00:00:00', '9999-12-31 00:00:00', 1040, 2120, 1080),
(24680041, '2016-01-19 00:00:00', '9999-12-31 00:00:00', 1041, 2123, 1082),
(24680042, '2016-01-24 00:00:00', '9999-12-31 00:00:00', 1042, 2126, 1084),
(24680043, '2016-01-29 00:00:00', '9999-12-31 00:00:00', 1043, 2129, 1086),
(24680044, '2016-02-03 00:00:00', '9999-12-31 00:00:00', 1044, 2132, 1088),
(24680045, '2016-02-08 00:00:00', '9999-12-31 00:00:00', 1045, 2135, 1090),
(24680046, '2016-02-13 00:00:00', '9999-12-31 00:00:00', 1046, 2138, 1092),
(24680047, '2016-02-18 00:00:00', '9999-12-31 00:00:00', 1047, 2141, 1094),
(24680048, '2016-02-23 00:00:00', '9999-12-31 00:00:00', 1048, 2144, 1096),
(24680049, '2016-02-28 00:00:00', '9999-12-31 00:00:00', 1049, 2147, 1098),
(24680050, '2016-03-04 00:00:00', '9999-12-31 00:00:00', 1050, 2150, 1100),
(24680051, '2016-03-09 00:00:00', '9999-12-31 00:00:00', 1051, 2153, 1102),
(24680052, '2016-03-14 00:00:00', '9999-12-31 00:00:00', 1052, 2156, 1104),
(24680053, '2016-03-19 00:00:00', '9999-12-31 00:00:00', 1053, 2159, 1106),
(24680054, '2016-03-24 00:00:00', '9999-12-31 00:00:00', 1054, 2162, 1108),
(24680055, '2016-03-29 00:00:00', '9999-12-31 00:00:00', 1055, 2165, 1110),
(24680056, '2016-04-03 00:00:00', '9999-12-31 00:00:00', 1056, 2168, 1112),
(24680057, '2016-04-08 00:00:00', '9999-12-31 00:00:00', 1057, 2171, 1114),
(24680058, '2016-04-13 00:00:00', '9999-12-31 00:00:00', 1058, 2174, 1116),
(24680059, '2016-04-18 00:00:00', '9999-12-31 00:00:00', 1059, 2177, 1118),
(24680060, '2016-04-23 00:00:00', '9999-12-31 00:00:00', 1060, 2180, 1120),
(24680061, '2016-04-28 00:00:00', '9999-12-31 00:00:00', 1061, 2183, 1122),
(24680062, '2016-05-03 00:00:00', '9999-12-31 00:00:00', 1062, 2186, 1124),
(24680063, '2016-05-08 00:00:00', '9999-12-31 00:00:00', 1063, 2189, 1126),
(24680064, '2016-05-13 00:00:00', '9999-12-31 00:00:00', 1064, 2192, 1128),
(24680065, '2016-05-18 00:00:00', '9999-12-31 00:00:00', 1065, 2195, 1130),
(24680066, '2016-05-23 00:00:00', '9999-12-31 00:00:00', 1066, 2198, 1132),
(24680067, '2016-05-28 00:00:00', '9999-12-31 00:00:00', 1067, 2201, 1134),
(24680068, '2016-06-02 00:00:00', '9999-12-31 00:00:00', 1068, 2204, 1136),
(24680069, '2016-06-07 00:00:00', '9999-12-31 00:00:00', 1069, 2207, 1138),
(24680070, '2016-06-12 00:00:00', '9999-12-31 00:00:00', 1070, 2210, 1140),
(24680071, '2016-06-17 00:00:00', '9999-12-31 00:00:00', 1071, 2213, 1142),
(24680072, '2016-06-22 00:00:00', '9999-12-31 00:00:00', 1072, 2216, 1144),
(24680073, '2016-06-27 00:00:00', '9999-12-31 00:00:00', 1073, 2219, 1146),
(24680074, '2016-07-02 00:00:00', '9999-12-31 00:00:00', 1074, 2222, 1148),
(24680075, '2016-07-07 00:00:00', '9999-12-31 00:00:00', 1075, 2225, 1150),
(24680076, '2016-07-12 00:00:00', '9999-12-31 00:00:00', 1076, 2228, 1152),
(24680077, '2016-07-17 00:00:00', '9999-12-31 00:00:00', 1077, 2231, 1154),
(24680078, '2016-07-22 00:00:00', '9999-12-31 00:00:00', 1078, 2234, 1156),
(24680079, '2016-07-27 00:00:00', '9999-12-31 00:00:00', 1079, 2237, 1158),
(24680080, '2016-08-01 00:00:00', '9999-12-31 00:00:00', 1080, 2240, 1160),
(24680081, '2016-08-06 00:00:00', '9999-12-31 00:00:00', 1081, 2243, 1162),
(24680082, '2016-08-11 00:00:00', '9999-12-31 00:00:00', 1082, 2246, 1164),
(24680083, '2016-08-16 00:00:00', '9999-12-31 00:00:00', 1083, 2249, 1166),
(24680084, '2016-08-21 00:00:00', '9999-12-31 00:00:00', 1084, 2252, 1168),
(24680085, '2016-08-26 00:00:00', '9999-12-31 00:00:00', 1085, 2255, 1170),
(24680086, '2016-08-31 00:00:00', '9999-12-31 00:00:00', 1086, 2258, 1172),
(24680087, '2016-09-05 00:00:00', '9999-12-31 00:00:00', 1087, 2261, 1174),
(24680088, '2016-09-10 00:00:00', '9999-12-31 00:00:00', 1088, 2264, 1176),
(24680089, '2016-09-15 00:00:00', '9999-12-31 00:00:00', 1089, 2267, 1178),
(24680090, '2016-09-20 00:00:00', '9999-12-31 00:00:00', 1090, 2270, 1180),
(24680091, '2016-09-25 00:00:00', '9999-12-31 00:00:00', 1091, 2273, 1182),
(24680092, '2016-09-30 00:00:00', '9999-12-31 00:00:00', 1092, 2276, 1184),
(24680093, '2016-10-05 00:00:00', '9999-12-31 00:00:00', 1093, 2279, 1186),
(24680094, '2016-10-10 00:00:00', '9999-12-31 00:00:00', 1094, 2282, 1188),
(24680095, '2016-10-15 00:00:00', '9999-12-31 00:00:00', 1095, 2285, 1190),
(24680096, '2016-10-20 00:00:00', '9999-12-31 00:00:00', 1096, 2288, 1192),
(24680097, '2016-10-25 00:00:00', '9999-12-31 00:00:00', 1097, 2291, 1194),
(24680098, '2016-10-30 00:00:00', '9999-12-31 00:00:00', 1098, 2294, 1196),
(24680099, '2016-11-04 00:00:00', '9999-12-31 00:00:00', 1099, 2297, 1198),
(24680100, '2016-11-09 00:00:00', '9999-12-31 00:00:00', 1100, 2300, 1200),
(0, '0000-00-00 00:00:00', '0000-00-00 00:00:00', 0, 0, 0),
(0, '0000-00-00 00:00:00', '0000-00-00 00:00:00', 0, 0, 0),
(0, '0000-00-00 00:00:00', '0000-00-00 00:00:00', 0, 0, 0),
(0, '0000-00-00 00:00:00', '0000-00-00 00:00:00', 0, 0, 0),
(0, '0000-00-00 00:00:00', '0000-00-00 00:00:00', 0, 0, 0),
(0, '0000-00-00 00:00:00', '0000-00-00 00:00:00', 0, 0, 0),
(0, '0000-00-00 00:00:00', '0000-00-00 00:00:00', 0, 0, 0),
(0, '0000-00-00 00:00:00', '0000-00-00 00:00:00', 0, 0, 0),
(0, '0000-00-00 00:00:00', '0000-00-00 00:00:00', 0, 0, 0),
(0, '0000-00-00 00:00:00', '0000-00-00 00:00:00', 0, 0, 0);

-- --------------------------------------------------------

--
-- Table structure for table `rates`
--

CREATE TABLE IF NOT EXISTS `rates` (
  `RatePlan` varchar(20) COLLATE utf8_bin NOT NULL DEFAULT 'TEST',
  `TierStartValue` int(11) NOT NULL,
  `TierEndValue` int(11) NOT NULL,
  `Currency` varchar(3) COLLATE utf8_bin NOT NULL,
  `RatePerUnit` decimal(16,6) NOT NULL,
  `UOM` varchar(30) COLLATE utf8_bin NOT NULL DEFAULT 'WATTS',
  `Misc1` varchar(300) COLLATE utf8_bin NOT NULL,
  `Misc2` varchar(300) COLLATE utf8_bin NOT NULL,
  `Misc3` varchar(300) COLLATE utf8_bin NOT NULL,
  `Misc4` varchar(300) COLLATE utf8_bin NOT NULL
) ENGINE=InnoDB DEFAULT CHARSET=utf8 COLLATE=utf8_bin;

--
-- Dumping data for table `rates`
--

INSERT INTO `rates` (`RatePlan`, `TierStartValue`, `TierEndValue`, `Currency`, `RatePerUnit`, `UOM`, `Misc1`, `Misc2`, `Misc3`, `Misc4`) VALUES
('TEST', 0, 300, 'INR', '1.250000', 'WATTS', '', '', '', ''),
('TEST', 301, 600, 'INR', '1.750000', 'WATTS', '', '', '', ''),
('TEST', 601, 1000, 'INR', '2.250000', 'WATTS', '', '', '', ''),
('TEST', 1001, 99999999, 'INR', '2.750000', 'WATTS', '', '', '', '');

--
-- Indexes for dumped tables
--

--
-- Indexes for table `account`
--
ALTER TABLE `account`
  ADD PRIMARY KEY (`AccountId`);

--
-- Indexes for table `charge`
--
ALTER TABLE `charge`
  ADD PRIMARY KEY (`ChargeId`);

--
-- Indexes for table `customer`
--
ALTER TABLE `customer`
  ADD PRIMARY KEY (`AccountId`);

--
-- Indexes for table `equipment`
--
ALTER TABLE `equipment`
  ADD PRIMARY KEY (`EquipmentId`);

--
-- Indexes for table `invoice`
--
ALTER TABLE `invoice`
  ADD PRIMARY KEY (`InvoiceId`);

--
-- AUTO_INCREMENT for dumped tables
--

--
-- AUTO_INCREMENT for table `charge`
--
ALTER TABLE `charge`
  MODIFY `ChargeId` int(11) NOT NULL AUTO_INCREMENT,AUTO_INCREMENT=484;
--
-- AUTO_INCREMENT for table `customer`
--
ALTER TABLE `customer`
  MODIFY `AccountId` int(11) NOT NULL AUTO_INCREMENT,AUTO_INCREMENT=24680104;
--
-- AUTO_INCREMENT for table `equipment`
--
ALTER TABLE `equipment`
  MODIFY `EquipmentId` int(11) NOT NULL AUTO_INCREMENT,AUTO_INCREMENT=24680101;
--
-- AUTO_INCREMENT for table `invoice`
--
ALTER TABLE `invoice`
  MODIFY `InvoiceId` int(11) NOT NULL AUTO_INCREMENT,AUTO_INCREMENT=484;
/*!40101 SET CHARACTER_SET_CLIENT=@OLD_CHARACTER_SET_CLIENT */;
/*!40101 SET CHARACTER_SET_RESULTS=@OLD_CHARACTER_SET_RESULTS */;
/*!40101 SET COLLATION_CONNECTION=@OLD_COLLATION_CONNECTION */;
